,channel_name,subscribers,views,videos,channel_title,channel_id
0,Alex The Analyst,268000,10700064,160,Alex The Analyst,UC7cs8q-gJRlGwj4A8OmCmXg
1,Luke Barousse,226000,10414557,77,Luke Barousse,UCLLw7jmFsvfIVaUFsLs8mlQ
2,Thu Vu data analytics,48900,1175293,43,Thu Vu data analytics,UCJQJAI7IjbLcpsjWdSzYz0Q
3,Shashank Kalanithi,101000,4356578,141,Shashank Kalanithi,UCvZnwzmc3m1Eush-Or8Z6DA
4,Sundas Khalid,81700,2844710,58,Sundas Khalid,UCteRPiisgIoHtMgqHegpWAQ
5,Mikarsh Data Analyst,2270,120526,23,Mikarsh Data Analyst,UCPYQ_ukwqU3dB_f05gXQtuA
6,365 Data Science,256000,10670768,208,365 Data Science,UCEBpSZhI1X8WaP-kY_2LLcg
7,DATA SCIENCE LOVERS,11300,470900,67,DATA SCIENCE LOVERS,UCwk47V1XafOrw83d_vwwGhg
8,Data Analyst KSA,89,1151,21,Data Analyst KSA,UCnNyRbwNMbeeom-gGLIDQgg
9,Data Science & Analytics,3,217,2,Data Science & Analytics,UCmLNvYjw8R_ydUOdNXVK6DQ
10,Data Science Preparation Hub,560,31826,28,Data Science Preparation Hub,UC0UPZrdARQxMufFATkfV67A
11,Data Science Jay,28400,1269835,117,Data Science Jay,UCcQx1UnmorvmSEZef4X7-6g
12,Anastasia K,36100,1176013,35,Anastasia K,UCbWVgqVWcthADXHgxXJn1bA
13,Data Science School,176,501,4,Data Science School,UCdcjBJmE7CnTMAD_zNHjmbw
14,Data Science School,176,501,4,Data Science School,UCTkbP1KbfQQlt1sqHJ0GDbA
15,Tina Huang,387000,15180191,106,Tina Huang,UC2UXDak6o7rBm23k3Vv5dww
16,Ken Jee,214000,6804591,237,Ken Jee,UCiT9RITQ9PW6BhXK0y2jaeg
17,Data Analyst,0,7,1,Data Analyst,UCr-eE8o5TjGm7I1gA8N4NIg
18,Data Analyst,0,7,1,Data Analyst,UCVHAYGXptVYD_1hXgdmohvQ
19,Data Analyst,0,7,1,Data Analyst,UCqRNhukhtRzqAKLi4PU7noQ
20,Data Analyst,0,7,1,Data Analyst,UCYxXdWRktQmnpoW9M6LS8GA
21,Data Analyst,0,7,1,Data Analyst,UCewpdIWOiedpGfcyHxvNbtw
22,Data Analyst,0,7,1,Data Analyst,UC2wo1S0CQ3iynnGNDcXaKWw
23,Data Analyst,0,7,1,Data Analyst,UCvWOJZj0O9KenBbNF_RADNQ
24,Data Analyst,0,7,1,Data Analyst,UChIVKSEWCp_57XK4jKGhJiQ
25,Data Analyst,0,7,1,Data Analyst,UCJqK3bPFJr5WVPKvtuZjSdA
26,Data Analyst,0,7,1,Data Analyst,UCSwTlL3FHopn77IwFSEyGzA
27,Data Analyst,0,7,1,Data Analyst,UCjumkEO3LS8qlRZ331DR5HQ
28,Data Analyst,0,7,1,Data Analyst,UCmgMd8uJJF7yW28U1OEzTmg
29,MYANMAR DATA SCIENCE,7290,227181,201,MYANMAR DATA SCIENCE,UC0g9jkx4MwsojJfBt1MnWew
30,Data analyst,2,131,1,Data analyst,UC2374X8xGHHCmKgGYRlcdKQ
31,Data analyst,2,131,1,Data analyst,UCdBfiy8RFDRpXuNGpUv-5ig
32,Data analyst,2,131,1,Data analyst,UCz4fnmjhrdyvVb_mwOpoUOw
33,Krish Naik,630000,59716106,1470,Krish Naik,UCNU_lfiiWBdtULKOw6X0Dig
34,Data Science Career Coach,40000,2343840,1696,Data Science Career Coach,UCcLYXkT37EAs0Ocn1WZ2OxQ
35,codebasics,645000,42370321,538,codebasics,UCh9nVJoWXmFb7sLApWGcLPQ
36,Data analyst,32,3,1,Data analyst,UC2374X8xGHHCmKgGYRlcdKQ
37,Data analyst,32,3,1,Data analyst,UCdBfiy8RFDRpXuNGpUv-5ig
38,Data analyst,32,3,1,Data analyst,UCz4fnmjhrdyvVb_mwOpoUOw
39,Life of a Data Scientist,2150,25773,24,Life of a Data Scientist,UC4RY5nIFI5zD-EbRF1xqpGw
40,Aditi Gupta,1890,68879,47,Aditi Gupta,UCdq65x-0_G8sMhwWNgtmXaQ
41,David Data,538,5688,46,David Data,UChgFPwS74s62ymGX_1usMSA
42,Data & Analytics,61,828,9,Data & Analytics,UC9uEwG25Q7qlRCcpMVJv0NA
43,Data 360 YP,18300,792728,105,Data 360 YP,UCqtValEjW3-Mar0sqiWO_Hw
44,Total Data Science,2110,140287,253,Total Data Science,UC7YlhTyLxk_B1ZcY8CUpCVQ
45,Ali Ahmad,11500,405719,80,Ali Ahmad,UCaDh-eU-lds_d9kS976vBVw
46,Data Analyst,6,98,2,Data Analyst,UCr-eE8o5TjGm7I1gA8N4NIg
47,Data Analyst,6,98,2,Data Analyst,UCVHAYGXptVYD_1hXgdmohvQ
48,Data Analyst,6,98,2,Data Analyst,UCqRNhukhtRzqAKLi4PU7noQ
49,Data Analyst,6,98,2,Data Analyst,UCYxXdWRktQmnpoW9M6LS8GA
50,Data Analyst,6,98,2,Data Analyst,UCewpdIWOiedpGfcyHxvNbtw
51,Data Analyst,6,98,2,Data Analyst,UC2wo1S0CQ3iynnGNDcXaKWw
52,Data Analyst,6,98,2,Data Analyst,UCvWOJZj0O9KenBbNF_RADNQ
53,Data Analyst,6,98,2,Data Analyst,UChIVKSEWCp_57XK4jKGhJiQ
54,Data Analyst,6,98,2,Data Analyst,UCJqK3bPFJr5WVPKvtuZjSdA
55,Data Analyst,6,98,2,Data Analyst,UCSwTlL3FHopn77IwFSEyGzA
56,Data Analyst,6,98,2,Data Analyst,UCjumkEO3LS8qlRZ331DR5HQ
57,Data Analyst,6,98,2,Data Analyst,UCmgMd8uJJF7yW28U1OEzTmg
58,Sports Data Analyst,2,48,4,Sports Data Analyst,UChA5fOAfX904l8Vlt2N6tlQ
59,Ambeone Institute of Data Science and AI,12,1524,64,Ambeone Institute of Data Science and AI,UCoL5JU3DmITRNWVCsVti8kw
60,Learn Data Science Technologies,797,25858,19,Learn Data Science Technologies,UCDYh3SWuUnHcgEWP7ThXgiA
61,Data Analyst,2,4,1,Data Analyst,UCr-eE8o5TjGm7I1gA8N4NIg
62,Data Analyst,2,4,1,Data Analyst,UCVHAYGXptVYD_1hXgdmohvQ
63,Data Analyst,2,4,1,Data Analyst,UCqRNhukhtRzqAKLi4PU7noQ
64,Data Analyst,2,4,1,Data Analyst,UCYxXdWRktQmnpoW9M6LS8GA
65,Data Analyst,2,4,1,Data Analyst,UCewpdIWOiedpGfcyHxvNbtw
66,Data Analyst,2,4,1,Data Analyst,UC2wo1S0CQ3iynnGNDcXaKWw
67,Data Analyst,2,4,1,Data Analyst,UCvWOJZj0O9KenBbNF_RADNQ
68,Data Analyst,2,4,1,Data Analyst,UChIVKSEWCp_57XK4jKGhJiQ
69,Data Analyst,2,4,1,Data Analyst,UCJqK3bPFJr5WVPKvtuZjSdA
70,Data Analyst,2,4,1,Data Analyst,UCSwTlL3FHopn77IwFSEyGzA
71,Data Analyst,2,4,1,Data Analyst,UCjumkEO3LS8qlRZ331DR5HQ
72,Data Analyst,2,4,1,Data Analyst,UCmgMd8uJJF7yW28U1OEzTmg
73,L'Atelier Data,2050,49380,18,L'Atelier Data,UCU4WWGf9QzTH9UjgKg9PN0Q
74,Bhargavi - Data Analyst,323,3472,8,Bhargavi - Data Analyst,UCto9iONQdirtQUlfYeUyknw
75,Data Analyst Mentor,200,4764,14,Data Analyst Mentor,UCVipKAIO1dIzlVNHJmKcWaQ
76,Storytelling by Data ,2180,61897,49,Storytelling by Data ,UC-TXcMOtjJVhDgo5C7pP7pw
77,Ngomongin Data Science dan AI,355,8914,10,Ngomongin Data Science dan AI,UCnY0fUM0HSvbckPwPpIXmTA
78,Data Scientist,28,1830,13,Data Scientist,UCoaCkgU8qvF2Yb6T6B4uz4w
79,Sam The Data Analyst,19,359,7,Sam The Data Analyst,UCVD2F7dYFKzRJTRz1OGhDPQ
80,Avery Smith - Data Career Jumpstart,5110,41660,64,Avery Smith - Data Career Jumpstart,UCuyfszBAd3gUt9vAbC1dfqA
81,Esteka-Data,101,13895,14,Esteka-Data,UCWRptY1HAsf1l_SH-8iaa4A
82,Data Driven Thinking,572,22488,21,Data Driven Thinking,UCpmwW_X4F9-ZcOTx10WFhjw
83,Vancouver Women in Data Science,286,6399,28,Vancouver Women in Data Science,UCRLazM0-4DRSTN4an4gv6ZA
84,Practicum: Coding bootcamps,1230,33243,38,Practicum: Coding bootcamps,UCCIwsFWZNuugtW1U2X89t7A
85,Art of Data Science,655,17000,43,Art of Data Science,UC31nn91mSmS3MEokVhwmQwg
86,Data Analyst Empire,5,168,15,Data Analyst Empire,UC9_GZ8jKR8hCorVJGMt0A2A
87,Data Analyst,0,58,1,Data Analyst,UCr-eE8o5TjGm7I1gA8N4NIg
88,Data Analyst,0,58,1,Data Analyst,UCVHAYGXptVYD_1hXgdmohvQ
89,Data Analyst,0,58,1,Data Analyst,UCqRNhukhtRzqAKLi4PU7noQ
90,Data Analyst,0,58,1,Data Analyst,UCYxXdWRktQmnpoW9M6LS8GA
91,Data Analyst,0,58,1,Data Analyst,UCewpdIWOiedpGfcyHxvNbtw
92,Data Analyst,0,58,1,Data Analyst,UC2wo1S0CQ3iynnGNDcXaKWw
93,Data Analyst,0,58,1,Data Analyst,UCvWOJZj0O9KenBbNF_RADNQ
94,Data Analyst,0,58,1,Data Analyst,UChIVKSEWCp_57XK4jKGhJiQ
95,Data Analyst,0,58,1,Data Analyst,UCJqK3bPFJr5WVPKvtuZjSdA
96,Data Analyst,0,58,1,Data Analyst,UCSwTlL3FHopn77IwFSEyGzA
97,Data Analyst,0,58,1,Data Analyst,UCjumkEO3LS8qlRZ331DR5HQ
98,Data Analyst,0,58,1,Data Analyst,UCmgMd8uJJF7yW28U1OEzTmg
99,FORMASYS,23600,1330258,147,FORMASYS,UCiDy_8ig36GuMQ1FCYIv_6w
100,1Bfreeedu,737,24493,96,1Bfreeedu,UCasRCDBhvaYQeb_W11G7U6w
101,Artefact,557,104229,231,Artefact,UCkTs8Ci3jJJJNNhLpTK7kHg
102,Michele Moneywell,11,0,0,Michele Moneywell,UCuTd65SswZXvTcLkp094diQ
103,DataGarage,59,688,15,DataGarage,UCwAsnLbyt87_TeGAKOkbm2w
104,Khan Academy,7380000,1986565559,8318,Khan Academy,UC4a-Gbdw7vOaccHmFo40b9g
105,IIT Madras - BSc Degree Programme,84100,13780379,3134,IIT Madras - BSc Degree Programme,UCvKzzGO37oT83K0FwnUucxw
106,M. A.,8,492,2,M. A.,UCSEDSajvNn0iRSOBCVsJxKg
107,surender971,2,0,0,surender971,UCati29Vkq1c32VMYnPmImjA
108,The Data Monk,3390,156626,194,The Data Monk,UCGc-2PbLX8ZSby2GajcO0uw
109,satish thota,0,0,0,satish thota,UCJO3xt7Gt9hj2LN608gWo7Q
110,Thao Do,10,6350,44,Thao Do,UCydE4TnsS9Vip4fq5wljUiQ
111,Fireblaze AI School,502,10040,25,Fireblaze AI School,UCNkAGVBOPD2427gKGgsPcfw
112,Durga Software Solutions,720000,149063449,24218,Durga Software Solutions,UCbjozK_PYCTLEluFlrJ8UZg
113,Mooc Cyu,30,2336,144,Mooc Cyu,UC9P2sNje-yXU21VM26RJvNA
114,KarachiDotAI,700,7238,163,KarachiDotAI,UCizkHmG3886c5tAtsi4Ip9Q
115,Preeti Sondhi,2240,49919,52,Preeti Sondhi,UCE5MkQ1WJirFaNAKe01ncQQ
116,Raj 96,1,0,0,Raj 96,UCn6dBXoHi757V9kl9wIvq6A
117,Chandoo,283000,20671758,378,Chandoo,UC8uU_wruBMHeeRma49dtZKA
118,Stephen Wieschhaus,1,0,0,Stephen Wieschhaus,UCkIrZ_fWD5XEDfYQnCOKX_g
119,osama elzorkany,0,5,1,osama elzorkany,UCT7TGUX4mC2jtP1SNe3mJsA
120,Rene Reynaldo,1,0,0,Rene Reynaldo,UCrQSsRysnCkRgCmQdQWd-tA
121,Machine Learnia,96700,5166967,74,Machine Learnia,UCmpptkXu8iIFe6kfDK5o7VQ
122,Antonio Castaneda,11,0,0,Antonio Castaneda,UCwqXCee_nt1Ij5rjQKKgD9w
123,Vikas Jha,0,0,0,Vikas Jha,UCAU_OnGDBmXqCYVfF4ZMfSQ
124,Matt Brattin,5530,159471,45,Matt Brattin,UC6peudLHxLH3F1lPsiSOy-w
125,Maria Paula Kugler,0,0,0,Maria Paula Kugler,UCZpbhmHY_b54FXd_Oiwx1dg
126,J.A DATATECH CONSULTING,2950,184827,350,J.A DATATECH CONSULTING,UCpd56FfjlkKbkHlbgY6XE3w
127,Profis tem,0,11,1,Profis tem,UCwfayuXKjKgj_gHvc1A0XOQ
128,Emanuel Flores,10,0,0,Emanuel Flores,UCxu5MXxu5OyeXUNdmno5R_A
129,Yaya Koita,0,15,1,Yaya Koita,UCjETmlTR2WT3_cw7EjqTVKQ
130,seemant ranjan,0,0,0,seemant ranjan,UCUzTPnzNGBxIF6BYs4MYDjw
131,Mohammed Tayseer,7,286,5,Mohammed Tayseer,UC-fdXuwF6P93DwErx3phNSA
132,Parrisite,118,20839,429,Parrisite,UCxMpywrRcd5ZI9YKpx-aQcQ
133,Ann Mackend,1,0,0,Ann Mackend,UCAo_K8DMq-QZc8al7UQi5PQ
134,Immi Tai,1,111,4,Immi Tai,UCB1xhG4hPZ9ssHrGJep-Uwg
135,Data Science TV,45,934,22,Data Science TV,UC0FfG3bn67bLRBsld6IjXRg
136,Data Science TV,45,934,22,Data Science TV,UCaIVkwxOJWzduge0zIp0viQ
137,Ashish Kumar Jha,0,0,0,Ashish Kumar Jha,UChrB44bqZnQ27QJWiJqSemQ
138,abhay maurya,1,0,0,abhay maurya,UCecnlaUFIVEZXLotbkeViyg
139,Diogo G.,1,0,0,Diogo G.,UCJyBTauAYJojKiESz8GYt-w
140,jcl322,0,28,2,jcl322,UCazYhOY66OWOP516MKmsWDA
141,Yuri Da Silva,5,5756,5,Yuri Da Silva,UC_IAKNdjRkPDM8gWou0oX0w
142,Wayne Cheong,3,129,2,Wayne Cheong,UCcHR_I9ZBHtptZWY50hZItA
143,Data Analyst,79,5303,23,Data Analyst,UCr-eE8o5TjGm7I1gA8N4NIg
144,Data Analyst,79,5303,23,Data Analyst,UCVHAYGXptVYD_1hXgdmohvQ
145,Data Analyst,79,5303,23,Data Analyst,UCqRNhukhtRzqAKLi4PU7noQ
146,Data Analyst,79,5303,23,Data Analyst,UCYxXdWRktQmnpoW9M6LS8GA
147,Data Analyst,79,5303,23,Data Analyst,UCewpdIWOiedpGfcyHxvNbtw
148,Data Analyst,79,5303,23,Data Analyst,UC2wo1S0CQ3iynnGNDcXaKWw
149,Data Analyst,79,5303,23,Data Analyst,UCvWOJZj0O9KenBbNF_RADNQ
150,Data Analyst,79,5303,23,Data Analyst,UChIVKSEWCp_57XK4jKGhJiQ
151,Data Analyst,79,5303,23,Data Analyst,UCJqK3bPFJr5WVPKvtuZjSdA
152,Data Analyst,79,5303,23,Data Analyst,UCSwTlL3FHopn77IwFSEyGzA
153,Data Analyst,79,5303,23,Data Analyst,UCjumkEO3LS8qlRZ331DR5HQ
154,Data Analyst,79,5303,23,Data Analyst,UCmgMd8uJJF7yW28U1OEzTmg
155,Amrutha V.P,0,0,0,Amrutha V.P,UCXYDHOcAUqaR0qyboSnYNxQ
156,5 Minutes Engineering,358000,48065602,1481,5 Minutes Engineering,UCyHta2dyCTkf29AB67AYn7A
157,Packt Video,83400,14001821,10546,Packt Video,UC3VydBGBl132baPCLeDspMQ
158,cyber school,8200,307721,290,cyber school,UCxmoqm-mAVVXXcOKDG6OpNQ
159,Himanshi J,0,0,0,Himanshi J,UCSoswFOM8JgEM95MJpH_r0w
160,Shafiqul Islam Tuhin,3,0,0,Shafiqul Islam Tuhin,UC7uGRxTkYqxKNA7r2S_uIQA
161,kapten shawn,10,223,7,kapten shawn,UC2yG_Qfod20aFRqAvbJ2wHA
162,SARNENDU PRADHAN,0,0,0,SARNENDU PRADHAN,UC2ebNA29oAVueutF1Z0VVDg
163,Ebbs Martey,2,76,4,Ebbs Martey,UCaTc-5o_nptygqsr3ttztgQ
164,Jayed Hussain,1,0,0,Jayed Hussain,UCiPhD0bc5krFn4OKeNoPITQ
165,Sulav Shrestha,4,73,1,Sulav Shrestha,UCfH1BHAFldghBCuqX1O4qEQ
166,BitTigerÂÆòÊñπÈ¢ëÈÅì BitTiger Official Channel,35600,1440550,623,BitTigerÂÆòÊñπÈ¢ëÈÅì BitTiger Official Channel,UCrTVwxlwmn2CJINfuaiLB1Q
167,Becky Pang - Data Analyst Ê±ÇËÅåÂíåËÅåÂú∫ÊîªÁï•,382,12830,37,Becky Pang - Data Analyst Ê±ÇËÅåÂíåËÅåÂú∫ÊîªÁï•,UCAGQgOvJbfVT5Bz_6GXHt4Q
168,Jorge Romero,0,0,0,Jorge Romero,UC4Apf_qvb1ud1qSs8xM56BA
169,Artyom Nedelko,0,0,0,Artyom Nedelko,UCEfsm0J_ypfXxDDLvHTl2xA
170,aiQuest Intelligence,1060,3663,24,aiQuest Intelligence,UC0zE2Xmvmv2W0PDWqCEyCQw
171,Farris Qureshi,0,22,2,Farris Qureshi,UCd9cYKp_W_9LwAxu64w-rDQ
172,Sasi Dhar,0,0,0,Sasi Dhar,UC0hXD2EBIyBZZ5SxvNgDcXg
173,keshav aggarwal,0,0,0,keshav aggarwal,UCyjQ0BecqLUAo46vSIIf5bQ
174,Nick Thomaidis,6,0,0,Nick Thomaidis,UCemhL-_dp8pIX8v98U4xPJA
175,Viral Host Media,0,13,2,Viral Host Media,UCP7AeIzfflj4Snv_v0aRZQw
176,Mega Bagus Herlambang,28000,905954,137,Mega Bagus Herlambang,UCl1pTA9Td9skCcznyLoTdZA
177,Clei and,0,128,24,Clei and,UCr3I7JflCT4QvtijSeooqug
178,swirlcrop,99,0,0,swirlcrop,UCWVRgdp5Qiz_wOZLWMjcBAw
179,Abdelsattar Amin,0,0,0,Abdelsattar Amin,UCSlOzYWypZr8QE1gRPtkUmg
180,Abhishek Verma,0,0,0,Abhishek Verma,UCsokDQw32MNZu7CQ77wOmdQ
181,Karim Wahba,0,0,0,Karim Wahba,UCAsDLK8HCpkkssPtqeIP_zQ
182,Wilmer Torres,3,0,0,Wilmer Torres,UCiroGJMIr7-fAJMLpWJYY9g
183,shipra shetty,0,0,0,shipra shetty,UCPLZdNyZAxMEL5Ddd93q-Eg
184,Gauri Todkari,0,0,0,Gauri Todkari,UCp3XDGzVjRU_zfdkDM2FjIg
185,Fauzi Arda,0,36,1,Fauzi Arda,UCLlQyoA3phIu7byAQ55mYfw
186,Krish Naik Hindi,39600,1022323,342,Krish Naik Hindi,UCjWY5hREA6FFYrthD0rZNIw
187,M Nurul Muttaqin,17,89,1,M Nurul Muttaqin,UCO8fQXqBnYXFSjWov7WBPHw
188,Abdul Ali,38,1195,15,Abdul Ali,UCAkxh_d_JrYPsspcaZ3qTMA
189,INDUSTRY CONNECT,774,125473,435,INDUSTRY CONNECT,UCDlfBlRZDPjyrKZU9FJQIUQ
190,Arkham Knight,0,0,0,Arkham Knight,UC6V416I6cw1m3pKtRRhv5QQ
191,Teria Agee,0,0,0,Teria Agee,UC0sg5DEbjCz3RsMzPHieYYQ
192,M A,1,0,0,M A,UCSiWFTFX39VxCPzu65vepxA
193,Andy xiong,0,0,0,Andy xiong,UCgRBKXoNNHrQUkXYr3ezTfA
194,Hnin Ei Wai Lwin,0,0,0,Hnin Ei Wai Lwin,UCp3wh9_L4J0aSsHSJRcvtkQ
195,Artem Serov,4,726,51,Artem Serov,UCizQAdfA7XHUmXM_Ki2xwDQ
196,Abhi Surana,0,0,0,Abhi Surana,UCcKnooH5bmyLJZEwMbWqnvg
197,Th·∫Øng Nguy·ªÖn,0,0,0,Th·∫Øng Nguy·ªÖn,UCR2q_vJm_xKFCrSteZuuX0w
198,Eren,1,51,5,Eren,UCrAIWSO6HuzYJe5mqNwmIeQ
199,Caribou Data Science,962,104755,4659,Caribou Data Science,UCEYlsdkxG4hY6c5-5d3gxCw
200,3 sisters,1,0,0,3 sisters,UCXbLQCqUJ5VyzpqQ-SKkEyw
201,Experfy,652,102145,200,Experfy,UCBO6cmewmk-FnEp3T8LxJMA
202,Nanini Mzamane,9,0,0,Nanini Mzamane,UCmyzKT_4dZov_Gb5pBmuhsQ
203,Tyger in Data Analyst,45,1264,4,Tyger in Data Analyst,UCW03TgE6kO7SX43sxc0EaWA
204,getvids123,2,23,1,getvids123,UC-oqbsCFmoV2Dep0VdDzt1g
205,DataLyfe,721,30508,31,DataLyfe,UCuagyOmcBIkvbdc4nr2SHwA
206,Sarah Gilliard,0,0,0,Sarah Gilliard,UCu5aaBZDtnRYgNdE2Dyl2QA
207,Maxwellrpg,49,14350,295,Maxwellrpg,UCkwHtyOnlSHLmltFTXT7yZg
208,ags911,165,42831,127,ags911,UCRfbpIzAKpb9-fP9csN1ASw
209,rohit roy,1,0,0,rohit roy,UCryEcwBTz-8eykAQQ3Du65Q
210,Shaka Nice,3,376,15,Shaka Nice,UCg-P8vyXecX6LJQSJarWXFA
211,Ita Kristiana,124,5394,3,Ita Kristiana,UC5eQFATj5Ur9OGK_nx_ZQGQ
212,TECH HUSTLE CULTURE,12,110,8,TECH HUSTLE CULTURE,UCmpitZrU_yN6UfW7DROCc0Q
213,Ajay Govekar,0,0,0,Ajay Govekar,UCa4Wp4-rL--ktNVyjCzyo7Q
214,Great Learning,683000,86402577,1780,Great Learning,UCObs0kLIrDjX2LLSybqNaEA
215,joyal saju,1,16,1,joyal saju,UCa4SKi4a0fMB-htRSIBtc2Q
216,Alireza Nouri,0,0,0,Alireza Nouri,UCWBSl2e6c2C219jca1JJs-w
217,fintelics,2670,321711,303,fintelics,UCdmjjwVdTOJWb6WgE7XIFww
218,satyam kachhap,1,13,1,satyam kachhap,UCOYOa3cEHEhmGH_e1p0eVsg
219,daniel too,19,0,0,daniel too,UCZ_VAkiBbH9IoyNeHK_wnIQ
220,Estio Innovation & Development,3,421,6,Estio Innovation & Development,UCSqt8kvNee_1NLMwXnmIUuQ
221,Kyle Lei,0,40,2,Kyle Lei,UCnHlCliGzZna47Xu_I1g02g
222,Nuno Ribeiro,52,79,5,Nuno Ribeiro,UCaYb3VINVNo65ZgGehpJIZQ
223,Yassir El,1,4,1,Yassir El,UCf88Z0DZOEIztrMB5c5zFSw
224,Tal Seehra - Education,12,1970,175,Tal Seehra - Education,UCMhNUmiIVXl7_vDyy8xFIUA
225,Yeomens Yobs,646,7313,41,Yeomens Yobs,UCsBZoSb25JEuzZgp9QjRlSw
226,Ivo Castro,90,19561,15,Ivo Castro,UC9vnK-sdes5t4J-cfLNsnHA
227,Jackie,2,20,1,Jackie,UCI3UE1549CL7UZGvSBef4RA
228,Matthew Mccreight,0,0,0,Matthew Mccreight,UC5VBMzJJXrA9rlNoXpBTU5w
229,S P,0,0,0,S P,UC5AAiQEIvoH2NiMmvfJT5iw
230,Hedwig 89,85,194819,27,Hedwig 89,UC8dD_7nY33DO-kNYUchZaPg
231,mahesh joshi,5,195,3,mahesh joshi,UCwuzwIIUF5QuHyxTA8SY49g
232,Srushti,0,0,0,Srushti,UCbMRjQUw3DIT8dCSqb7cUsA
233,Vselena,148,30644,8,Vselena,UCCgTYgIPD9pvOwN-TCYRTIA
234,Kalpana's Creation,2,111,3,Kalpana's Creation,UCPnF40G2jQExH2gIDrit0Qw
235,Wang nina,0,0,0,Wang nina,UCtHZ-a3h-AnV7rVpvDfLIcw
236,j lang,0,6,1,j lang,UCevDhHcVyDOBGlTJeN8QmuA
237,Learning by Sharing,605,6886,16,Learning by Sharing,UCyQnTWOe2LKVTObihrzJBAg
238,viJai Singh,1,0,0,viJai Singh,UCd_xOJCRfQz_qmDWiqzJssw
239,Learnbay,5200,201357,534,Learnbay,UC-ntE_GnjjiUuKYqih9ENYA
240,Joelin Sinegal,2,0,0,Joelin Sinegal,UCuLmw_SLiJFbTvdIqvr_SGA
241,kumar shubham,0,0,0,kumar shubham,UCPbg5yeGs2-Q6eKntltT4OQ
242,Colin Magill,931,1409420,131,Colin Magill,UCpUgz61bKhfR9618Rnq5wOw
243,–†—É—Å–ª–∞–Ω –û—Å–º–∞–Ω–±–µ–∫–æ–≤,2,18,3,–†—É—Å–ª–∞–Ω –û—Å–º–∞–Ω–±–µ–∫–æ–≤,UCmwqisFDPXg334pSwAKYoTQ
244,Saida Sheikh Ahmed,1040,17612,34,Saida Sheikh Ahmed,UCazU6c1_pNopx6lh3XyHR7Q
245,Shelza Sharma,0,0,0,Shelza Sharma,UCJm9N5d-gdR1qYC8c0Mhspg
246,MZH,0,0,1,MZH,UCtHUxYXQ6cQ1hY-xZakI5bQ
247,Hamza Nisar,0,0,2,Hamza Nisar,UCsKnsMQqhJBNaGq7Jlym1dQ
248,impervious ajita,0,0,0,impervious ajita,UCyxbldiYFAvv27RsPCjZAsA
249,kalpataru7165,0,0,0,kalpataru7165,UClT2TjFY16Zp9vs6QAM6tUQ
250,DecentR,48,21,1,DecentR,UCFl_HpEElh6ZZ93OiC2A2rw
251,Pankaj Kalsarpe,0,0,0,Pankaj Kalsarpe,UCfza1pOHsQEm6wUEjB6tshQ
252,Laureano Nisenbaum,1350,40965,9,Laureano Nisenbaum,UC9bdASZIVvM4rDRBSO5IRUg
253,Sandipkumar Upadhyay,0,0,0,Sandipkumar Upadhyay,UCRy84VkGyf2eFhSFI6DEr7g
254,Joachim Isaac,33,1325,18,Joachim Isaac,UC2wfC0JXXWfJ13Fk0Y_CNJw
255,nishitha cr,0,0,0,nishitha cr,UC2Ozsso9s9Htq00OE8fkpYw
256,Aditya Rana,0,0,0,Aditya Rana,UC9ToNMcGQXf9J7Ew6UnvpfA
257,aditya wagh,0,0,0,aditya wagh,UCGnE0w8Pzfg4zlk1snwByoA
258,Stefany Del Villar,0,0,0,Stefany Del Villar,UCbs6YbbQ_hxJK0Y71WEqXeg
259,Fahil Ejaz,0,0,0,Fahil Ejaz,UCbftdODo3SN0tVD2vA_FhAQ
260,ShaikSameer24,1510,139172,247,ShaikSameer24,UCM9-lE2DayJLsSFqYaPeE0A
261,Thinking Neuron,422,20874,77,Thinking Neuron,UCqb03ZB4sRDvcT7O7DTI_Sg
262,Kunwar Rawat,32,102,5,Kunwar Rawat,UCKGXB1M7buFlJmYU99TJZfw
263,Preeti Shukla,4,102,4,Preeti Shukla,UCIyW5U7oeTptI-es7lS3e_Q
264,sathish kumar,11,0,0,sathish kumar,UCNLYJlUspSkRjn2a1tEdfuw
265,Kay Jang,4,3594,64,Kay Jang,UCmP7pqdtCvqF9LCTB_K1c6w
266,Shahnaaz Begum,0,0,0,Shahnaaz Begum,UCQrSGPkgKmM7J1ssENWcyjQ
267,Nimsarrr,3,0,0,Nimsarrr,UCDyMd50shJluW2YUjUPsQLw
268,Transition to Data Analyst,0,0,0,Transition to Data Analyst,UCjH9z1AXXV4yjLeAL6Ixt4g
269,sumedh jaiswal,0,296,2,sumedh jaiswal,UCd6mXnLWD0OWliG0kG_AUzA
270,Ashwin Goyal,254,70094,43,Ashwin Goyal,UC7a-D9cDmHY0aNfkRk3RdmA
271,Arioneo,330,115936,97,Arioneo,UCRDCezkQZjv3eXgl41OntQA
272,Tiago Sousa,1,9,3,Tiago Sousa,UCh0033Nz4wqa28jwX5y5I-Q
273,Nancy Geng,0,0,0,Nancy Geng,UCD6h_SO44e4wOaycVhZwaiA
274,Ravinder Singh,0,0,0,Ravinder Singh,UCRXKh43DY5IqFhVK6SwJeRw
275,Amy G,0,0,0,Amy G,UCFM4oKNtCTRPvnpwWfYSgFg
276,Sid Rawat,0,0,0,Sid Rawat,UCxrtGXGTsVeOKHj9QR8RI-w
277,Trang Nguy·ªÖn,0,1617,4,Trang Nguy·ªÖn,UCexIx_xYY-oSwqPZhZ38dmA
278,facho facho,1,0,0,facho facho,UCtPHNTeNQHRuZc-fQEQ-Kmw
279,Ben Etzold,0,201,6,Ben Etzold,UCQ7fo6Wx4ctOmaAglC6c8Ag
280,Pijus Dey,0,0,0,Pijus Dey,UCpxvQQXV76dvNCsrEATVqnA
281,anurag choudhary,0,0,0,anurag choudhary,UChcbvwkMb_CFvGvNdbeOHDQ
282,Mukunth Srinivas,15,0,0,Mukunth Srinivas,UCbOfVWZ4dJ7SuV0_UK9xjuA
283,Klanjabrik -,3,839,1,Klanjabrik -,UCoRJ6ee7QDYcicBMVO5bFnQ
284,Mamadou Ciss√©,2,0,0,Mamadou Ciss√©,UCn9IbPUgxZqfLn7d84V_FDA
285,Mani Bijesh,1,141,1,Mani Bijesh,UCYyaxPx_t0H_p26_X70lbrQ
286,Ionut Caldararu,0,0,0,Ionut Caldararu,UCym_rbMZwui7qnlWvId7q3A
287,uday singh,0,0,0,uday singh,UCrdAehA-k3FyihFuF00oq7g
288,Teresa Ramirez,0,0,0,Teresa Ramirez,UCy-E_IynhjcGM9v7PWHPvCQ
289,Nitin Bharti,0,0,0,Nitin Bharti,UCKHB1IMUohPJbNIMNlE9g0w
290,Carl Henry D.R PIERROT,0,0,0,Carl Henry D.R PIERROT,UCRFLuFER7v-dfEnsI6X47Yw
291,Jie Jenn,41800,12668532,936,Jie Jenn,UCvVZ19DRSLIC2-RUOeWx8ug
292,Beda Prakash,2,415,20,Beda Prakash,UCI0oF1BidH-PkXHHk8G14QA
293,Mosope Coker,0,65,3,Mosope Coker,UCZTpe02XRRpBAT9TkgZ9Rjg
294,Angelina Frimpong,1030,26180,22,Angelina Frimpong,UC0HS0EUIgPVrqIbde-2f1GQ
295,abhishek singh,1,0,0,abhishek singh,UCWq60OqMYl_ScdV1uehnA4w
296,Tyler Lathan,0,0,0,Tyler Lathan,UCNOl3G3yfO0gIG6jwfzT8aw
297,Hongpeng Jin,0,0,0,Hongpeng Jin,UCQ1qKPSgGhydUEhAEB_Y_sQ
298,codenetra,378,5517,39,codenetra,UCot3k3ixKQ12frK0hp7afUA
299,Hey Silly,15,0,0,Hey Silly,UC4ogWG7bq_W0H0d9yniS4CA
300,jagadeesh jayaseelan,0,0,0,jagadeesh jayaseelan,UC9jfzi4NzYNl3Lrcr2bwwjg
301,moumita kar,0,0,0,moumita kar,UC9ukaoVPexXc1fo6-ah23vQ
302,Data Analyst Toolkit,424,98844,299,Data Analyst Toolkit,UCvD_lrjSm-EJHEAyW7XjHGA
303,Axel Bond,2,0,0,Axel Bond,UCq7Y_RIRVEa5pEpuuIj7E6Q
304,Skadoosh,314,32255,99,Skadoosh,UCzIw7XPsA5rW2awZU77y7RQ
305,Muttevi Gsvastava,0,0,0,Muttevi Gsvastava,UCZEuZVVsP6UBkCCipTxjFCQ
306,Data Science with Partha,116,3559,48,Data Science with Partha,UC9TEQJ6XTQguuQzjb9cK1vg
307,Matt on Data Science,311,7600,27,Matt on Data Science,UCtzmz6BfJqDx-8IHkh6ovwA
308,Burzin's Data Science and Business Analyst Channel,1,78,5,Burzin's Data Science and Business Analyst Channel,UCB_hfIBLZmvSBktXDv06acw
309,Data Specialist,1,6,1,Data Specialist,UCbNSTTyIEctDrSF8BP5Iy6w
310,Pandu Sukma,0,0,0,Pandu Sukma,UCqyFmCWCm3qNBmt087VkdXQ
311,career talk with Rahul,131,12510,5,career talk with Rahul,UCFgO079pcO6ovz_khzV2Mnw
312,Calvin Ryu,0,0,0,Calvin Ryu,UCUTJ-Sk9wFUWqB0ILhmWW8g
313,Sanjay Subair,0,0,0,Sanjay Subair,UCo-Xbhls2--2c6THAe-yvEQ
314,Alexander Gonzalez,524,1285219,74,Alexander Gonzalez,UC79DOYVb4oMDYD1cx76OTdw
315,Monika Soni,0,0,0,Monika Soni,UC3idfepP5ytDKdFYbRQfTig
316,Nicolas.C VOISIN,0,0,0,Nicolas.C VOISIN,UCFLkg1G-f5BiAR42tQGkGaw
317,william james mabelin,0,0,0,william james mabelin,UCXlCrW0p-xgAMFE7C7Gr7Rg
318,prajakta Bhaiye,0,0,0,prajakta Bhaiye,UCXNugrqsKltPLHgvGHmuP4g
319,Data Science 360 Course,3,336,8,Data Science 360 Course,UCo-s-jfh8CLCgSXz4wOd7QQ
320,databit365,2,60,17,databit365,UCKQzGtHyju3fHyy3nyyXYUw
321,Zheng Zhang,0,0,0,Zheng Zhang,UCSkKw_YrLmWly8ZPHTjrLxA
322,Avvari Kiran Mahesh,2,45,4,Avvari Kiran Mahesh,UCECoHjD8VPfODSPv9lueYTg
323,Data Science Salon,1010,24983,137,Data Science Salon,UCh-OliZQ5UhDS3LpfB0lk7w
324,acpadgett,6,928,4,acpadgett,UCnaBMrxw5MxapR0VSo4KqWA
325,shivam malik,0,0,0,shivam malik,UC_aMGS26VuWt9MkLwhl4d6A
326,Adam Parks,0,9,1,Adam Parks,UCquD48W24w5X1_5aZD629Tw
327,sajjad khalid,4,34,1,sajjad khalid,UCGbjW-4gB1uuaA6v0T74iLA
328,Kartika Ari Susanti,11,43,1,Kartika Ari Susanti,UCo1i3Q2B4m7W0zMV4zPRMSQ
329,daideep patel,0,0,0,daideep patel,UC8jQWiYJWL1jdhcHWWBTUdg
330,Mohammed ek,1,0,0,Mohammed ek,UCNxINVeC4oRfYCkEtCbzcWA
331,Josh Victorio,0,93,2,Josh Victorio,UC9hxMLAedOSYyGxmUWtX-Gg
332,Mohammad Fahim,1,0,0,Mohammad Fahim,UCabTpluyTdWNDW2WI_GVPYQ
333,eszkis,10,66944,14,eszkis,UCGuAggB-FOKl-4ozLY82n8g
334,Arzoo Singh,33,34,1,Arzoo Singh,UCj-ypwGXPjc_2Nd6qsLLFOA
335,Christy Duval,4,66,2,Christy Duval,UCGfLXpUrlua_5HzpB-d5k7Q
336,Umai Kakudo,37,65,3,Umai Kakudo,UCqwcZzBKABj3Hv9P0Yu-KmA
337,DataScience ForBusiness,27300,735713,49,DataScience ForBusiness,UCpNdaZYUS4OiIIBXLnggbCw
338,nivek_ cvr,2,356,10,nivek_ cvr,UCXZFP9z-l2guwvGatcwhNYg
339,Maurice Bruns,0,0,0,Maurice Bruns,UCKYoTV322blI7Fl71z2HO2g
340,Jinjin Wei,0,0,0,Jinjin Wei,UCX1W-1EvwG3IuYIpQaaeEdg
341,Antonio Ivanovski,592,33279,23,Antonio Ivanovski,UCS1HVSY_b6HToI8L5OG3ipA
342,Boniface Mutua,6,14,1,Boniface Mutua,UCXHt4wW4A2YLXG1J2RqniXA
343,Pragati Singh,0,0,0,Pragati Singh,UCOaskjWCNWQprLUio_A6WZA
344,Data Science Devil's,870,65771,35,Data Science Devil's,UCLrwOn78HDNil7-HBzLJt-w
345,Coolangel214,0,877,2,Coolangel214,UC9rgHkohReNfKFuh1JIyzxA
346,Andreal Cen Enrico,6,520,43,Andreal Cen Enrico,UCjBAXmke-pRtHg792N0Fj3w
347,Dewa Putu Adikarma Mandala,3,3055,12,Dewa Putu Adikarma Mandala,UC99lwYnPf7zqDxvOFLHeI4w
348,Yoshops Your Online Shop,952,87161,677,Yoshops Your Online Shop,UCtbvbSjLXH0qkzYwZkHajiQ
349,Soumya Prusty,0,0,0,Soumya Prusty,UCJySWW19H8I5X9hS8es5jPQ
350,Learn Data Science,35,297,7,Learn Data Science,UCJhW_16uxALr0X4olEW2p5A
351,Learn Data Science,35,297,7,Learn Data Science,UCGBfiCUQZHY5wnnVnQzV7pw
352,Learn Data Science,35,297,7,Learn Data Science,UCEu0zQIMxlLNqZQGxghPNog
353,Learn Data Science,35,297,7,Learn Data Science,UCyV_sDyCIsoHm-8iow5kkYQ
354,JK Jk,1,0,0,JK Jk,UC9dXZ-04QLMByUQJS-zgEJg
355,Venkata Gunji,0,0,0,Venkata Gunji,UCL01KHdjvReA3mAgiN0OKVA
356,Keya Sengupta,3,0,0,Keya Sengupta,UCef7tjFadXd25oosA0ItDfw
357,Data Analyst,743,37036,33,Data Analyst,UCr-eE8o5TjGm7I1gA8N4NIg
358,Data Analyst,743,37036,33,Data Analyst,UCVHAYGXptVYD_1hXgdmohvQ
359,Data Analyst,743,37036,33,Data Analyst,UCqRNhukhtRzqAKLi4PU7noQ
360,Data Analyst,743,37036,33,Data Analyst,UCYxXdWRktQmnpoW9M6LS8GA
361,Data Analyst,743,37036,33,Data Analyst,UCewpdIWOiedpGfcyHxvNbtw
362,Data Analyst,743,37036,33,Data Analyst,UC2wo1S0CQ3iynnGNDcXaKWw
363,Data Analyst,743,37036,33,Data Analyst,UCvWOJZj0O9KenBbNF_RADNQ
364,Data Analyst,743,37036,33,Data Analyst,UChIVKSEWCp_57XK4jKGhJiQ
365,Data Analyst,743,37036,33,Data Analyst,UCJqK3bPFJr5WVPKvtuZjSdA
366,Data Analyst,743,37036,33,Data Analyst,UCSwTlL3FHopn77IwFSEyGzA
367,Data Analyst,743,37036,33,Data Analyst,UCjumkEO3LS8qlRZ331DR5HQ
368,Data Analyst,743,37036,33,Data Analyst,UCmgMd8uJJF7yW28U1OEzTmg
369,David Dalience AKUE,12,31,1,David Dalience AKUE,UCi5TDXc4qXi_pi6ww0-iObg
370,AfterWork,531,10289,51,AfterWork,UCGphY2qZUkGapzNa9UkLZNg
371,JC Presley,1,249,2,JC Presley,UCV-QT2pGL0RCsY9548M_tVA
372,swapnil kothari,0,26,1,swapnil kothari,UC97rDWUnbVKjpx5jf96YXSQ
373,Naved Khan,19,971,12,Naved Khan,UCkRr-huYyRbtMcY4UxL-pUw
374,Data Analyst Course,1,19,1,Data Analyst Course,UCCsoHRHJuyjlBte_M8vP6Ow
375,Smriti Srivastava,0,0,0,Smriti Srivastava,UChwb7QSpqq7OZyFMfLacXBw
376,priyanka k,1,0,0,priyanka k,UCsGiFVKi1V_Sd3rZH7qRoHw
377,Kaiying Wang,0,0,0,Kaiying Wang,UCAjN5MTlMAlHP1x4b2i1kDQ
378,Leela sathish,12,149,10,Leela sathish,UCj5_CSYf7op8_d9iPv_GzkQ
379,Safeena Sadath,18,587,5,Safeena Sadath,UCO1lDDJFgMaMq6DFoXzh79Q
380,JF M,1,0,0,JF M,UC0ogSpMr6ORdcZGstjVU0OQ
381,Enamul Haque - Digital Deep Dive,27600,439505,160,Enamul Haque - Digital Deep Dive,UC4Z_sGrzfp0ieHEDCcvXm2g
382,Data Analyst,23,518,10,Data Analyst,UCr-eE8o5TjGm7I1gA8N4NIg
383,Data Analyst,23,518,10,Data Analyst,UCVHAYGXptVYD_1hXgdmohvQ
384,Data Analyst,23,518,10,Data Analyst,UCqRNhukhtRzqAKLi4PU7noQ
385,Data Analyst,23,518,10,Data Analyst,UCYxXdWRktQmnpoW9M6LS8GA
386,Data Analyst,23,518,10,Data Analyst,UCewpdIWOiedpGfcyHxvNbtw
387,Data Analyst,23,518,10,Data Analyst,UC2wo1S0CQ3iynnGNDcXaKWw
388,Data Analyst,23,518,10,Data Analyst,UCvWOJZj0O9KenBbNF_RADNQ
389,Data Analyst,23,518,10,Data Analyst,UChIVKSEWCp_57XK4jKGhJiQ
390,Data Analyst,23,518,10,Data Analyst,UCJqK3bPFJr5WVPKvtuZjSdA
391,Data Analyst,23,518,10,Data Analyst,UCSwTlL3FHopn77IwFSEyGzA
392,Data Analyst,23,518,10,Data Analyst,UCjumkEO3LS8qlRZ331DR5HQ
393,Data Analyst,23,518,10,Data Analyst,UCmgMd8uJJF7yW28U1OEzTmg
394,Herv√© Greg Kabonte,54,2369,4,Herv√© Greg Kabonte,UCi5PGpf0gnCE0-ijCkIVVdg
395,Aniket Kardile,107,2611,17,Aniket Kardile,UC5HaXrdk-1riRKGlT4KoBbQ
396,J G,1,11,1,J G,UCWJH3m7wq1MMxcx7klv0n5A
397,Mohamed Kourouma,0,0,0,Mohamed Kourouma,UCqB-u4LAtdoCzMNvZJFpyOg
398,James Gan,8,848,12,James Gan,UCgQlwE9FR9QKXJJlxP1v1ww
399,Data Analyst,157,25223,27,Data Analyst,UCr-eE8o5TjGm7I1gA8N4NIg
400,Data Analyst,157,25223,27,Data Analyst,UCVHAYGXptVYD_1hXgdmohvQ
401,Data Analyst,157,25223,27,Data Analyst,UCqRNhukhtRzqAKLi4PU7noQ
402,Data Analyst,157,25223,27,Data Analyst,UCYxXdWRktQmnpoW9M6LS8GA
403,Data Analyst,157,25223,27,Data Analyst,UCewpdIWOiedpGfcyHxvNbtw
404,Data Analyst,157,25223,27,Data Analyst,UC2wo1S0CQ3iynnGNDcXaKWw
405,Data Analyst,157,25223,27,Data Analyst,UCvWOJZj0O9KenBbNF_RADNQ
406,Data Analyst,157,25223,27,Data Analyst,UChIVKSEWCp_57XK4jKGhJiQ
407,Data Analyst,157,25223,27,Data Analyst,UCJqK3bPFJr5WVPKvtuZjSdA
408,Data Analyst,157,25223,27,Data Analyst,UCSwTlL3FHopn77IwFSEyGzA
409,Data Analyst,157,25223,27,Data Analyst,UCjumkEO3LS8qlRZ331DR5HQ
410,Data Analyst,157,25223,27,Data Analyst,UCmgMd8uJJF7yW28U1OEzTmg
411,Yeluri Rajganesh,0,0,0,Yeluri Rajganesh,UCy6m1n-M2uKuabGOA1C5NzQ
412,Rakesh C,2,218,2,Rakesh C,UCoOX13zns-nAY4fWEEeOvYw
413,Chirag Sharma,8,0,0,Chirag Sharma,UCVWxy109XhZb7UTP_YqJcBg
414,Divya Choudhary,53,986,2,Divya Choudhary,UCVBU0qAwaGj4oD0x-AkHmDA
415,Juan Fernandez,62,310,5,Juan Fernandez,UCn_PRdF3euByDKAhIs7XVbQ
416,TOP DATA ANALYST,61,3316,38,TOP DATA ANALYST,UC78b_dZqrFTWMO0Y5EOAUhg
417,Aniket Rajput,7,50,2,Aniket Rajput,UC9Ej3dbN7Xny6tWiX335Qkg
418,Rich17Something,1,130,3,Rich17Something,UCBojybZPImJrB5WI0XsYdzg
419,Data Analyst,15,624,16,Data Analyst,UCr-eE8o5TjGm7I1gA8N4NIg
420,Data Analyst,15,624,16,Data Analyst,UCVHAYGXptVYD_1hXgdmohvQ
421,Data Analyst,15,624,16,Data Analyst,UCqRNhukhtRzqAKLi4PU7noQ
422,Data Analyst,15,624,16,Data Analyst,UCYxXdWRktQmnpoW9M6LS8GA
423,Data Analyst,15,624,16,Data Analyst,UCewpdIWOiedpGfcyHxvNbtw
424,Data Analyst,15,624,16,Data Analyst,UC2wo1S0CQ3iynnGNDcXaKWw
425,Data Analyst,15,624,16,Data Analyst,UCvWOJZj0O9KenBbNF_RADNQ
426,Data Analyst,15,624,16,Data Analyst,UChIVKSEWCp_57XK4jKGhJiQ
427,Data Analyst,15,624,16,Data Analyst,UCJqK3bPFJr5WVPKvtuZjSdA
428,Data Analyst,15,624,16,Data Analyst,UCSwTlL3FHopn77IwFSEyGzA
429,Data Analyst,15,624,16,Data Analyst,UCjumkEO3LS8qlRZ331DR5HQ
430,Data Analyst,15,624,16,Data Analyst,UCmgMd8uJJF7yW28U1OEzTmg
431,The Data Analyst,58,366,3,The Data Analyst,UCYpJU_mIobJpB8FJ-3_WOMg
432,The Data Analyst,58,366,3,The Data Analyst,UCPCHLfIwLTrb9S36Zw6DtYQ
433,Sr. Data Analyst - BI Systems Analyst,0,21,5,Sr. Data Analyst - BI Systems Analyst,UCXrsAwodUvMtRAOuJcjJl2g
434,Yoselyn Rea,5,58,1,Yoselyn Rea,UCdSzHk0HQyU2u1CMkmKMSNA
435,Kenneth Gijsbertha,2,23,1,Kenneth Gijsbertha,UCLh6mTwOzLcwdHyzqQWBixw
436,Nitin Mukesh,1580,151513,140,Nitin Mukesh,UCaIjAGqLSPu2T-aYXdLhJEA
437,KadamAcademy,1460,108001,311,KadamAcademy,UCiNh8sppdGSdHYun1QonPzA
438,Prabhakar Jha,3,135,1,Prabhakar Jha,UCmnORuCd69pD1mj4Z9mPwnA
439,freeCodeCamp Hindi,27800,384047,22,freeCodeCamp Hindi,UClHVZQqHLfbcbwFDwPfdB-A
440,Ken Sumanadasa,0,0,0,Ken Sumanadasa,UCxYJ-ics3llIUgKhSKse2SQ
441,Pratty2311,1,0,0,Pratty2311,UC---OYF9A7hiVWixoEirFdg
442,MD,9,0,0,MD,UC5Ad1V6EzZNDBRX_zU7ySHw
443,Casual Data Science,83,1195,3,Casual Data Science,UCTZOs7vn9zSN-mR46Uqb_Jw
444,Blue Ghost,5,9,1,Blue Ghost,UCJse0oWDsFnoKWGLuM4SKAw
445,D-analyst Data Hub,3,128,8,D-analyst Data Hub,UChrpSC4y0m_YtCJzD7pobYA
446,Chinedu Amajoyi,5,22914,5,Chinedu Amajoyi,UCMo9KfF47lCz7dk8s5bFwiQ
447,Indian Paradise = Trainer,1050,40605,59,Indian Paradise = Trainer,UCPKBZfvjCfdDpvSM68rUDFQ
448,Gaurav Patil,0,0,0,Gaurav Patil,UCGVXlU4-ujrqpsIKwULykQw
449,Ehab Tech Academy,1090,29110,6,Ehab Tech Academy,UClw9Ohn4QTcN86VrjEtZYpQ
450,Travel Lovers,48,11590,15,Travel Lovers,UCP51ETAw4eRDGE_he-tuD1g
451,Harshit Singh,0,0,0,Harshit Singh,UCnIXZLkI7eOq0W6rdEPhjyA
452,Sameh El-Sawy,0,0,0,Sameh El-Sawy,UCXgJmAkT9Ob6rZqTxazbfSA
453,sree boobalan,0,0,0,sree boobalan,UCj_PgVYuYy-2mmz8W2RNNaQ
454,Saptarshi Sarkar,1,0,0,Saptarshi Sarkar,UC8Xe6-RrjdYIMSg7uRyKlbA
455,Saima Academy,21800,1688239,1439,Saima Academy,UCi_HnYpC2_wLzPvdR5SwYKQ
456,sudhanshu gupta,0,0,0,sudhanshu gupta,UCiOlu0wXT_19kz76382YcmQ
457,Vishwa ( Data analyst ),2,156,5,Vishwa ( Data analyst ),UCBsk3TfuF-X1WN8DOtGYY2w
458,Colyns,0,0,0,Colyns,UCucz0gQ2I_1KraWB9ED3AIw
459,PEDSnet,33,1979,37,PEDSnet,UCsYY3YzpOn6bfffbML5mk1A
460,Rafa Gonzalez Gouveia,47800,2330597,89,Rafa Gonzalez Gouveia,UCQvDQMRwjUJauII1qe_XphA
461,Renuka Saravanan,0,0,0,Renuka Saravanan,UCHlDXZd3pd3_DWmh_RUVIhQ
462,S K,5,0,0,S K,UCaMhXU9r2YrWk55RefsVOhQ
463,Digital Content Binus,2540,366947,2750,Digital Content Binus,UCZDXNn-IInmlmZ00wyy4__Q
464,Go Serverless,136,13292,30,Go Serverless,UCZxWxBWFB8y8W8FbNLqgOyg
465,Antoreep Jana,274,9620,66,Antoreep Jana,UCbosg6XDWCi7MV5GGBWcp0w
466,Excel Data Lover,2,83,12,Excel Data Lover,UCt257uUHmGr55AP2qcptLOA
467,CodeXplore,41000,1716076,52,CodeXplore,UCN03cDDMfrD6Iyxk20_dvmQ
468,The Indian VanLife,767,36244,36,The Indian VanLife,UCENOTo2miECOcNRkdbBP5DA
469,Researcher & Data Analyst,17,4403,2,Researcher & Data Analyst,UCde1hte43kJc2E2OaLCYv-w
470,SahulNotSoOp,136,24241,101,SahulNotSoOp,UCMX0abw0WcXhkZVJHAtCuXA
471,Hellen Data Analyst,8,504,34,Hellen Data Analyst,UCiRfX5Fxc8N-McVjQeW1Hew
472,Girl Loves Data Science,17,1812,13,Girl Loves Data Science,UCBtWYqy0V0eHUKFVUGjb-5Q
473,Ratna kumar,0,13,1,Ratna kumar,UC_8qhOq8v1ctuW2pufsrQLg
474,Leslie Kathryn,67,0,0,Leslie Kathryn,UCJxAGQmCRUBlkZp9atRGByA
475,Project SPARTA PH,772,10652,64,Project SPARTA PH,UCjN5hE5CtDoqVNgB8qCDoZw
476,Your Health Data Analyst,0,1,1,Your Health Data Analyst,UCcdzqzT0wdiXj-V9jVxD0bA
477,Data Science for Marketing and Customer Analytics,2,200,5,Data Science for Marketing and Customer Analytics,UCeXcAfNdxzMQxiZVicrjA3w
478,CodeWithHarry,3160000,376403114,1751,CodeWithHarry,UCeVMnSShP_Iviwkknt83cww
479,Data Analyst - Starter. ,0,12,2,Data Analyst - Starter. ,UC7eqraxcoheYdhEsEXZ9fDw
480,Godwin Osuji - Data Analyst?,0,2,1,Godwin Osuji - Data Analyst?,UC4q9k-Xm2nnKAegGKVI9nBA
481,luying_lou-chinagoods-data analyst,53,121590,1,luying_lou-chinagoods-data analyst,UCJoU99WTZ0a6BbMI-rGGqew
482,Football Data Analyst,17,1794,3,Football Data Analyst,UCUzhi-R8GkNkBGSepm4lsBw
483,Data Analyst in Digital,6,53,2,Data Analyst in Digital,UCJX9i-kP8nbr8fvt37pdqAg
484,Martin Wambui Data Analyst,13,72,1,Martin Wambui Data Analyst,UCE58mOTx4VEDd_ESGgH2BgQ
485,DATA ANALYST,24,1935,3,DATA ANALYST,UC4_gXlh61lVHsS0_rW2C11w
486,Data analyst,7,308,2,Data analyst,UC2374X8xGHHCmKgGYRlcdKQ
487,Data analyst,7,308,2,Data analyst,UCdBfiy8RFDRpXuNGpUv-5ig
488,Data analyst,7,308,2,Data analyst,UCz4fnmjhrdyvVb_mwOpoUOw
489,codebasics Hindi,45200,1638219,130,codebasics Hindi,UCTmFBhuhMibVoSfYom1uXEg
490,The Data Analyst,231,117665,24,The Data Analyst,UCYpJU_mIobJpB8FJ-3_WOMg
491,The Data Analyst,231,117665,24,The Data Analyst,UCPCHLfIwLTrb9S36Zw6DtYQ
492,Learn-with-Singam,4660,175662,143,Learn-with-Singam,UC9Wq1_eFlTE9XBdvxb3lVFg
493,Reserve Data Analyst,56,5897,22,Reserve Data Analyst,UCRlxQdqgzsoLlcIvWMUJpWw
494,Data Science Graduate Shorts,63,28982,74,Data Science Graduate Shorts,UC8hvRy2H84Mekck267NdGEQ
495,Data Science Topics,9,593,25,Data Science Topics,UChLwV2IeZYWEIqCEz1ogrXg
496,Data Analyst Channel TV,1,5,1,Data Analyst Channel TV,UCrRpRbCjiNFmVWLorv5w74w
497,Data Analyst - Tiago Martins,0,21,1,Data Analyst - Tiago Martins,UCEYTYtYm3M0EB60flBSwUqw
498,Data Analyst,0,29,1,Data Analyst,UCr-eE8o5TjGm7I1gA8N4NIg
499,Data Analyst,0,29,1,Data Analyst,UCVHAYGXptVYD_1hXgdmohvQ
500,Data Analyst,0,29,1,Data Analyst,UCqRNhukhtRzqAKLi4PU7noQ
501,Data Analyst,0,29,1,Data Analyst,UCYxXdWRktQmnpoW9M6LS8GA
502,Data Analyst,0,29,1,Data Analyst,UCewpdIWOiedpGfcyHxvNbtw
503,Data Analyst,0,29,1,Data Analyst,UC2wo1S0CQ3iynnGNDcXaKWw
504,Data Analyst,0,29,1,Data Analyst,UCvWOJZj0O9KenBbNF_RADNQ
505,Data Analyst,0,29,1,Data Analyst,UChIVKSEWCp_57XK4jKGhJiQ
506,Data Analyst,0,29,1,Data Analyst,UCJqK3bPFJr5WVPKvtuZjSdA
507,Data Analyst,0,29,1,Data Analyst,UCSwTlL3FHopn77IwFSEyGzA
508,Data Analyst,0,29,1,Data Analyst,UCjumkEO3LS8qlRZ331DR5HQ
509,Data Analyst,0,29,1,Data Analyst,UCmgMd8uJJF7yW28U1OEzTmg
510,Lan Lap Lanh,3660,146726,36,Lan Lap Lanh,UCF_4QXdW7vs7xkjmrKf555g
511,Titouane-Data Analyst,0,17,1,Titouane-Data Analyst,UC_F2tqBSv2B27a-APgV-SBw
512,Data Analyst,2,415,5,Data Analyst,UCr-eE8o5TjGm7I1gA8N4NIg
513,Data Analyst,2,415,5,Data Analyst,UCVHAYGXptVYD_1hXgdmohvQ
514,Data Analyst,2,415,5,Data Analyst,UCqRNhukhtRzqAKLi4PU7noQ
515,Data Analyst,2,415,5,Data Analyst,UCYxXdWRktQmnpoW9M6LS8GA
516,Data Analyst,2,415,5,Data Analyst,UCewpdIWOiedpGfcyHxvNbtw
517,Data Analyst,2,415,5,Data Analyst,UC2wo1S0CQ3iynnGNDcXaKWw
518,Data Analyst,2,415,5,Data Analyst,UCvWOJZj0O9KenBbNF_RADNQ
519,Data Analyst,2,415,5,Data Analyst,UChIVKSEWCp_57XK4jKGhJiQ
520,Data Analyst,2,415,5,Data Analyst,UCJqK3bPFJr5WVPKvtuZjSdA
521,Data Analyst,2,415,5,Data Analyst,UCSwTlL3FHopn77IwFSEyGzA
522,Data Analyst,2,415,5,Data Analyst,UCjumkEO3LS8qlRZ331DR5HQ
523,Data Analyst,2,415,5,Data Analyst,UCmgMd8uJJF7yW28U1OEzTmg
524,Craig Brown,1,0,0,Craig Brown,UCJQk6qylIDaTAeOiQRupUDw
525,Barry Huang-Data Analyst,0,9,2,Barry Huang-Data Analyst,UCekVaQY_-YWmtP3NVo0V9cQ
526,RevoU,65100,817159,95,RevoU,UCJOIqOSZ7_2C_vgBBQiB6Uw
527,Your Data Analyst,7,129,5,Your Data Analyst,UCQP2OqBfE0Y4VJ4BYVPjaeg
528,Gamer Data Analyst,0,37,2,Gamer Data Analyst,UCkEqZ1klP0n0WzYoVNaXMgw
529,Data Analyst,10,0,0,Data Analyst,UCr-eE8o5TjGm7I1gA8N4NIg
530,Data Analyst,10,0,0,Data Analyst,UCVHAYGXptVYD_1hXgdmohvQ
531,Data Analyst,10,0,0,Data Analyst,UCqRNhukhtRzqAKLi4PU7noQ
532,Data Analyst,10,0,0,Data Analyst,UCYxXdWRktQmnpoW9M6LS8GA
533,Data Analyst,10,0,0,Data Analyst,UCewpdIWOiedpGfcyHxvNbtw
534,Data Analyst,10,0,0,Data Analyst,UC2wo1S0CQ3iynnGNDcXaKWw
535,Data Analyst,10,0,0,Data Analyst,UCvWOJZj0O9KenBbNF_RADNQ
536,Data Analyst,10,0,0,Data Analyst,UChIVKSEWCp_57XK4jKGhJiQ
537,Data Analyst,10,0,0,Data Analyst,UCJqK3bPFJr5WVPKvtuZjSdA
538,Data Analyst,10,0,0,Data Analyst,UCSwTlL3FHopn77IwFSEyGzA
539,Data Analyst,10,0,0,Data Analyst,UCjumkEO3LS8qlRZ331DR5HQ
540,Data Analyst,10,0,0,Data Analyst,UCmgMd8uJJF7yW28U1OEzTmg
541,dotnet full stack,0,0,0,dotnet full stack,UCMFsvurAN4jhtGwzia2a8Hw
542,AI Pin,496,91677,194,AI Pin,UCSDkYs85XFShKMAkMLkmZOA
543,IndoBangla with Sagar,93,17692,65,IndoBangla with Sagar,UCeU_r4tAQobNKUOT1luIZ6w
544,STUDY MART,26900,1178737,395,STUDY MART,UCH6wiF1uC7PhuV_UIR_28AA
545,The Analyst,6950,157684,146,The Analyst,UC-H-Ct5v4vVOPXOUa2ljIcQ
546,Ahmad Faiz,0,0,0,Ahmad Faiz,UCOCwL98FSNqFWKY3HorW1AA
547,Bijay Chodhoury,10,137,5,Bijay Chodhoury,UCpwkHfhyIIJdeM_d4aCVo_A
548,Jakir Fakir,0,0,1,Jakir Fakir,UCRbFU0oGVAUFH7nGT4q4ICg
549,mmp‡∏°‡∏≤‡∏£‡πå‡∏Ñ,1,38,1,mmp‡∏°‡∏≤‡∏£‡πå‡∏Ñ,UCagarwPfCdtmgw1zU5l1nsA
550,EntryLevel,2350,5147,32,EntryLevel,UCjMp4qS0E1J3xnZ2YYwMbsw
551,Pacmann AI,3440,177074,194,Pacmann AI,UC5oiB8wDG17W8XALdLjlFEw
552,Zebra Learn,219,16217,23,Zebra Learn,UCrn0j5PbAEhYN96wFDHncoQ
553,asif attar,0,0,0,asif attar,UClx89VfyUyCKXAGrFH648SQ
554,Khalil H,0,0,0,Khalil H,UChbbftdc-mKAKljGrTk0z-g
555,"Mackenzie Thompson (Founder, Grad Jobs)",84,5577,38,"Mackenzie Thompson (Founder, Grad Jobs)",UCS9slgi4VwX5fKycmssxxyA
556,10000 codeurs,3380,108625,948,10000 codeurs,UCvhNHEgygARjQXcHdyyVN7g
557,SkillAcademy,4580,8736844,160,SkillAcademy,UCCl17FjS9WpYabdpzYEFg1w
558,Jobs & Career,5330,722535,127,Jobs & Career,UCI9X_VQc7M7oHSiwQvUXqvw
559,Miria Reu,13,136,6,Miria Reu,UCzam2Gphq2OBRjncmlLd8mA
560,Kamal's gaming room,38,405,16,Kamal's gaming room,UC3Rs-z4R9F2hyKOI6U4MCeg
561,Daniel Duedu,5,34,1,Daniel Duedu,UCmTmIVpto_7wwToLL8q_LYA
562,Corporate Beast,1,217,1,Corporate Beast,UC7wVvaIiJNIFPoLzVIn2bTg
563,Impossible Nothingness,149,106380,29,Impossible Nothingness,UCzKgqZ4Z8k_EvwqOPdoCdkA
564,Arylle Young,805,14344,179,Arylle Young,UCfBWYc1RVEdLZWx13E2szZg
565,Puneeth Rajashekar,0,0,0,Puneeth Rajashekar,UCjGcgU0gN6jiBgDqa_4uCrA
566,ÎØ∏Íµ≠Ï£ºÏãùÏùò Î™®Îì†Í≤É - ÎØ∏Ï£ºÎ™®,49900,3714998,439,ÎØ∏Íµ≠Ï£ºÏãùÏùò Î™®Îì†Í≤É - ÎØ∏Ï£ºÎ™®,UCr5oaHbo3FhagiG9lrDD5uw
567,Dziyana Zavadskaya,58,32876,12,Dziyana Zavadskaya,UCZTTlMmRF-W5vjmZSyNGX2A
568,Java Analyst,1,0,1,Java Analyst,UCUVjFqARNoi1i_jKfLCLtrA
569,Microsoft Power BI UK,787,20024,56,Microsoft Power BI UK,UCtQLSh4rpuT4fOaXKL4HvtQ
570,vijay jeeragi,21,401,8,vijay jeeragi,UCjjPnUVHL1DzPrVekTnMhcg
571,Universidad Cenfotec,1150,126056,375,Universidad Cenfotec,UCPaaSowtD5VA1ZVpu09p94A
572,JapaneseÂ∞èÊ±†,8250,3191604,1046,JapaneseÂ∞èÊ±†,UCkUPiYxhHMu5xUh0tTxRtxA
573,Emmanuel Yumbu,0,0,0,Emmanuel Yumbu,UCyC-xLKa4ES_PDKpajPADvw
574,AnkerElite,3,4579,71,AnkerElite,UCnEzITlIJi65BND76Pp6jFg
575,Simplilearn,2340000,239706015,4453,Simplilearn,UCsvqVGtbbyHaMoevxPAq9Fg
576,Ashutosh,0,0,0,Ashutosh,UCqYSXCAMmiAU6RptfGTuI-Q
577,Rahul Pasi,0,0,0,Rahul Pasi,UCLQYqe2s2YEO7L1UVfZwb7A
578,CHARTSSPEAK,365,33158,364,CHARTSSPEAK,UCaNFvziodzyZBz73gnpowng
579,Alex,2,0,0,Alex,UCAlhKFp_bgRyzyHrvjH_Y4Q
580,Gizmo-GX,133,11232,546,Gizmo-GX,UC8QNxb8rm8Y4bn3E0YMTbEg
581,GradAustralia,139,14093,126,GradAustralia,UCnyZMHhsJaPeYzdzSifYmkg
582,Amit Kukreja,14000,2236634,678,Amit Kukreja,UCjZnbgPb08NFg7MHyPQRZ3Q
583,C0TT0NC4NDYTA,53100,3153644,351,C0TT0NC4NDYTA,UChULbX89jjbCEDhGn56_yuw
584,Yahoo Finance,860000,278839269,29149,Yahoo Finance,UCEAZeUIeJs0IjQiqTCdVSIg
585,Piktochart üëâ All-in-one visual communication tool,7950,1552341,164,Piktochart üëâ All-in-one visual communication tool,UC0miFingOVhM_gPGPb-rEkA
586,Mateiu Catalin,2,0,0,Mateiu Catalin,UC-9-YlOo8aB_M5oITpYFrhQ
587,Techcanvass,15900,1719244,505,Techcanvass,UCDHsj-2kb_bGk_Dr3ktSSbg
588,Jatin Wadhwani,1,0,0,Jatin Wadhwani,UC0GwHtQPA3QBxVeL9j8VO0Q
589,Austin Ibeh,1,0,0,Austin Ibeh,UCIkbMwEAF-c0qr4WvN3Ir4w
590,Minty Analyst (with Dobri),2480,285424,263,Minty Analyst (with Dobri),UCrdjXR70BwWIX--ZtQB42XQ
591,Mr Seeker,13900,1184694,219,Mr Seeker,UCBYk3m9aKRKZokaJBzFM9YA
592,priya kannabiran,0,0,0,priya kannabiran,UC62wwwGN1cyJYJSpGuQxErA
593,BusinessLIVE,34000,10667708,1411,BusinessLIVE,UCrS1z1uOvw0pXlFvTyU2kwA
594,Dale Jeffrey,0,0,0,Dale Jeffrey,UCLYFbbqHS4twLsp4mGZbglA
595,Sarama Mondol,1,2,1,Sarama Mondol,UC7hCAh2j7NrP_dmWQKqoKfQ
596,DoIT&C Government of Rajasthan,11200,680459,121,DoIT&C Government of Rajasthan,UCh2yHdFTh28RHGzB3zCbsFQ
597,Naman Vij,1,0,0,Naman Vij,UCKBGP5OQgWFZkIHjdRwNuGg
598,Digital House,6070,1105478,208,Digital House,UCKkPOtW8gQPgIUaxF4Og7PA
599,Nifty Technicals by AK,121000,8046632,495,Nifty Technicals by AK,UCnciD_63Lr2T8iSvFyodsvQ
600,Who-Bangin Sports Talk,1020,66978,739,Who-Bangin Sports Talk,UC2SWXevu6oGS-188Fv-CWiA
601,Moor Insights & Strategy,45400,13465181,947,Moor Insights & Strategy,UC8fY_kIR5AqTmafpAzOjQ2g
602,JOB UPDATES TAMIL,14,614,21,,
603,Sanjay Sutaria,0,0,0,Sanjay Sutaria,UCbdeNaFj66nObXjHKlM32dw
604,wondersoulz,10,0,0,wondersoulz,UCB7J34HuIaHlmA92NKb7dzQ
605,Subuhi Mirza,0,0,0,Subuhi Mirza,UCMzL7FbBOAhkr49eqNtP9Ng
606,DogerThat,2,0,0,DogerThat,UCMLo01f7xpDOtKN1CbGnrHw
607,Drew Dunlevy,1,0,0,Drew Dunlevy,UCU2jeQvNnSCu4ZQMOaF0o3A
608,VirgoDragon05,19,746,44,VirgoDragon05,UC5bU5C1ojROYE_AUA4h7xfg
609,ramanna anajipuram,7,2788,5,ramanna anajipuram,UC4iFyUvBfMOgrE9WBwDjBtg
610,Options Grow,16,1034,17,Options Grow,UCL4VBBlixJIQ4OQ9nC9qJpg
611,Laurence Berry,0,0,0,Laurence Berry,UCrcgjF0LQYGV2fP-Sary4bg
612,OUTKREATE,28,436,24,OUTKREATE,UCFdRhvCO4mli_2_5ty4m5wQ
613,giomonserate,3,1480,12,giomonserate,UCv2zTPbUcVgtG2WHybjxAdQ
614,Gene G Jr,115,14705,372,Gene G Jr,UCCrb21pV4FMOeXA0TsNDVRA
615,James Campbell,1,0,0,James Campbell,UCg-Iu0xYJElKMs4Y6t2JKuw
616,Madhurika Chauhan,0,0,0,Madhurika Chauhan,UCLUx9kVK0zgfiOYNYrOAbGw
617,Jackson Cusick,21,0,0,Jackson Cusick,UCIJvnSAdnSwVj4P99v2Gycg
618,Saadman Sakib,1,0,0,Saadman Sakib,UCY1xvtyEoCOVWX8cpo9ZyXA
619,Shrikant Kale,5,0,0,Shrikant Kale,UCz08kD4O5mOn2rz8BsNYutA
620,Kiron,1,0,0,Kiron,UC0RoZeB8zehcdTcf_tyJUUw
621,Tony Games,0,0,0,Tony Games,UC9SDde41KHNC-VGw0qJ57mQ
622,Sheldon,0,0,0,Sheldon,UCtE0e8G-9zjwrQrug3Mra_A
623,D…æJ√ò“Ω‡ºíP…®œÖ÷Ü‡ºíM·ó©…≥·ó©∆ô…® Ö,3740,52667,7,D…æJ√ò“Ω‡ºíP…®œÖ÷Ü‡ºíM·ó©…≥·ó©∆ô…® Ö,UCsPQUCWRjWWGFvdyhjNLJ2A
624,Joshua Pavelko,0,0,0,Joshua Pavelko,UCEcc1trh3yFCcXHA1YQOezw
625,Getloose360,15,0,0,Getloose360,UCRT5dsm8Sbzlmd4S8ueyZqg
626,DSN- Data Scientists Network(Data Science Nigeria),10000,707872,278,DSN- Data Scientists Network(Data Science Nigeria),UCTi2xuVi9CLx9QryIJYLbaQ
627,freeCodeCamp.org,6150000,411947427,1341,freeCodeCamp.org,UC8butISFwT-Wl7EV0hUK0BQ
628,codebasics,645000,42370321,538,codebasics,UCh9nVJoWXmFb7sLApWGcLPQ
629,Steve Brunton,215000,11893145,379,Steve Brunton,UCm5mt-A4w61lknZ9lCsZtBw
630,Data Professor,132000,3384752,290,Data Professor,UCV8e2g4IWQqK71bbzGDEI4Q
631,Quantra,17400,1163178,307,Quantra,UCxmc1u5keDVruhrrxXN230w
632,Learn Python with Rune,39100,1069421,197,Learn Python with Rune,UCRcIvjtYDUi5cWjlmjWipcg
633,Microsoft Research,279000,44011039,9029,Microsoft Research,UCCb9_Kn8F_Opb3UCGm-lILQ
634,Data Science with Sharan,6670,105511,132,Data Science with Sharan,UCCR6F6X28Kj00bgPCH9Ct_w
635,ritvikmath,92500,6721226,419,ritvikmath,UCUcpVoi5KkJmnE3bvEhHR0Q
636,Joma Tech,1900000,144352826,102,Joma Tech,UCV0qA-eDDICsRR9rPcnG7tw
637,Mohammed Wais,5,149,6,Mohammed Wais,UCZjQcS44CSULIdUJvZgjvqA
638,"Le blob, l‚Äôextra-m√©dia",103000,27756014,4555,"Le blob, l‚Äôextra-m√©dia",UC3E2DhYIqnoc6H3WXwTVnlA
639,365 Data Science,256000,10670768,208,365 Data Science,UCEBpSZhI1X8WaP-kY_2LLcg
640,IIT Roorkee July 2018,136000,18045987,6373,IIT Roorkee July 2018,UCY-ANi3wxkUSGhAel7T0TGw
641,Ken Jee,214000,6804591,237,Ken Jee,UCiT9RITQ9PW6BhXK0y2jaeg
642,NeuralNine,151000,7067820,430,NeuralNine,UC8wZnXYK_CGKlBcZp-GxYPA
643,MarinStatsLectures-R Programming & Statistics,128000,15173797,257,MarinStatsLectures-R Programming & Statistics,UCaNIxVagLhqupvUiDK01Mgg
644,FUN WITH DATA SCIENCE,14500,395146,848,FUN WITH DATA SCIENCE,UCyU1CDYl_NX8nsxCCkKfk3A
645,CFA Institute,38900,84113224,81,CFA Institute,UC8Zy7crsNBL8NJCc_ueF-CA
646,Unfold Data Science,37200,2449195,461,Unfold Data Science,UCh8IuVJvRdporrHi-I9H7Vw
647,The Julia Programming Language,69500,5699507,1538,The Julia Programming Language,UC9IuUwwE2xdjQUT_LMLONoA
648,Mustafa Othman,88200,2592955,338,Mustafa Othman,UCITfscBBm40O9MgtqiQC00w
649,Learn With Arif,4230,392155,203,Learn With Arif,UCMqUl4U_8LwHiXT09_ouzxQ
650,DataCamp,135000,21434774,1291,DataCamp,UC79Gv3mYp6zKiSwYemEik9A
651,IIT Kanpur July 2018,52500,8998783,4471,IIT Kanpur July 2018,UCwCunw0e4YQmmuwPEF7-VsA
652,CodeWithHarry,3160000,376403114,1751,CodeWithHarry,UCeVMnSShP_Iviwkknt83cww
653,Cognitive Class,61800,4367091,171,Cognitive Class,UCoSiBUY5b9ixwuKfS99_rSw
654,PROGRAMMING IN URDU,659,30684,237,PROGRAMMING IN URDU,UC8_mEmKuaH8f8vn6__Cu4PQ
655,David Langer,58900,2442447,110,David Langer,UCRhUp6SYaJ7zme4Bjwt28DQ
656,Steven Skiena,25100,1286402,332,Steven Skiena,UCh27N8m4Jp_rkwx26Q4iclQ
657,Krish Naik,630000,59716106,1470,Krish Naik,UCNU_lfiiWBdtULKOw6X0Dig
658,Nalini Jagtap,650,64164,85,Nalini Jagtap,UCligZ7FAqB0BNmjxmfmXh3g
659,Etisha Garg,67000,4108649,143,Etisha Garg,UCNliY-e1-7VNtuWgrSib1UQ
660,Leonid Zhukov,6120,428422,89,Leonid Zhukov,UCqwvCUUnfyL_MdA_uQPZF_A
661,Masters Of Code,12700,489307,257,Masters Of Code,UCgl2bpqArRPWOc3itVKjACw
662,tastytrade,297000,37867257,5621,tastytrade,UCLJiSMXJ9K-1AOTqIqdXJgQ
663,Rajasekhar Classes,1630,178777,709,Rajasekhar Classes,UC2x3mbRv6I8EeXZ31Nmez0g
664,IIT Madras - BSc Degree Programme,84100,13780379,3134,IIT Madras - BSc Degree Programme,UCvKzzGO37oT83K0FwnUucxw
665,TechNinjas 2.0,3090,475806,319,TechNinjas 2.0,UCrNPtChXsgugled8CI4DzUA
666,Coursera,205000,14747411,569,Coursera,UCZ50rYSkYQG31YDEJm9Di_g
667,Sarfaraz Se Sikho,60,4500,86,Sarfaraz Se Sikho,UCROAQa7KC82eUkiCDPCqv5g
668,Programming Cradle,6190,487657,131,Programming Cradle,UCDW48YM19iwgdkChPFGz36g
669,prasertcbs,144000,22137120,2331,prasertcbs,UCl4w_st9XiRHqWhnanGjIGg
670,Pradumn Kumar,104,0,0,Pradumn Kumar,UC8kPffNEoABhETu1a-Ebu6A
671,Naresh i Technologies,962000,106740193,2687,Naresh i Technologies,UC4o8Fdpv3g_AjgShAeivqpA
672,Saravanan Subramanian,12,0,0,Saravanan Subramanian,UCL8On3Vz8LiUK-x1iO5I3aQ
673,Inserm,315000,49032920,1312,Inserm,UCIqFi2jwZI4TIs1hNZz18Mw
674,Derek Banas,1190000,114347864,1223,Derek Banas,UCwRXb5dUK4cvsHbx-rGzSgw
675,KongRuksiam Official,73000,5293142,1447,KongRuksiam Official,UCQ1r_4x-P-fETLIU4pqf98w
676,Gate Smashers,1010000,181776400,1113,Gate Smashers,UCJihyK0A38SZ6SdJirEdIOw
677,Durga Software Solutions,720000,149063449,24218,Durga Software Solutions,UCbjozK_PYCTLEluFlrJ8UZg
678,Enamul Haque - Digital Deep Dive,27600,439505,160,Enamul Haque - Digital Deep Dive,UC4Z_sGrzfp0ieHEDCcvXm2g
679,RStudio,28500,1455558,493,RStudio,UC3xfbCMLCw1Hh4dWop3XtHg
680,Keith Galli,170000,11463809,75,Keith Galli,UCq6XkhO5SZ66N04IcPbqNcw
681,Roman Brovko,46200,7998297,3329,Roman Brovko,UCiwYG9Bnxfaipnp5ckCSlQw
682,Learnbay,5200,201357,534,Learnbay,UC-ntE_GnjjiUuKYqih9ENYA
683,5 Minutes Engineering,358000,48065602,1481,5 Minutes Engineering,UCyHta2dyCTkf29AB67AYn7A
684,ŸÖÿπÿ™ÿ≤ ÿ≥ÿπÿØ | Motaz Saad,5480,363198,458,ŸÖÿπÿ™ÿ≤ ÿ≥ÿπÿØ | Motaz Saad,UCO1v5hykJ77f0KuQORM9vig
685,Avery Smith - Data Career Jumpstart,5110,41660,64,Avery Smith - Data Career Jumpstart,UCuyfszBAd3gUt9vAbC1dfqA
686,Mega Bagus Herlambang,28000,905954,137,Mega Bagus Herlambang,UCl1pTA9Td9skCcznyLoTdZA
687,Data Science Dojo,87200,4945954,350,Data Science Dojo,UCzL_0nIe8B4-7ShhVPfJkgw
688,Microsoft Developer,389000,29533207,5375,Microsoft Developer,UCsMica-v34Irf9KVTh6xx-g
689,Intellipaat Achievers,258,5600,142,Intellipaat Achievers,UCuKWUhexgd35Sdn9JXb3y1Q
690,Romi Satria Wahono,25600,682739,35,Romi Satria Wahono,UC5doOVYHCFxZmNVLh2h8ezg
691,Great Learning,683000,86402577,1780,Great Learning,UCObs0kLIrDjX2LLSybqNaEA
692,RR ITEC,3820,517500,344,RR ITEC,UC_iBvyQAZQjSJvUerbL3zOQ
693,KNIMETV,18600,2088280,454,KNIMETV,UCRbKmV_XYB7C12SPBokLVHQ
694,T√ºbingen Machine Learning,21200,1032316,489,T√ºbingen Machine Learning,UCupmCsCA5CFXmm31PkUhEbA
695,Tirendaz Akademi,16500,1695816,457,Tirendaz Akademi,UCzH73XJRgK2EQ7COnG8DkyA
696,Hans Schenker,1440,32361,45,Hans Schenker,UCYlW9EuQnlNRtEYqVtpfbDw
697,Bill Franks,100,4320,29,Bill Franks,UCaos6n35_9v_Psw9lBqSRqQ
698,Data Science Festival,3550,146605,293,Data Science Festival,UCB02fDSj9GR4rhb1APMNclw
699,MIT OpenCourseWare,4060000,355939702,6809,MIT OpenCourseWare,UCEBb1b_L6zDS3xTUrIALZOw
700,TIBCO Products,5780,2189878,772,TIBCO Products,UC_PJ8s4qxrPZNHP0m_O80vw
701,Prabhakaran s,37,0,0,Prabhakaran s,UC1ngG3UMdIYPdqyzaQJIwHg
702,Better Data Science,3860,178267,67,Better Data Science,UCzwWYDA9IuJ7iFrvbZsvRwQ
703,ARTE,2550000,214476137,1670,ARTE,UCwI-JbGNsojunnHbFAc0M4Q
704,Simplilearn,2340000,239706015,4453,Simplilearn,UCsvqVGtbbyHaMoevxPAq9Fg
705,Greg Hogg,31500,998121,345,Greg Hogg,UCJublDh2UsiIKsAE1553miw
706,edureka!,3500000,333980884,7268,edureka!,UCkw4JCwteGrDHIsyIIKo4tQ
707,Data Science,3690,60905,161,Data Science,UCHxRt1sueuXyJP3bvOayMqg
708,Data Science,3690,60905,161,Data Science,UCMrS1v0jxtItBVU1jCnilwA
709,Data Science,3690,60905,161,Data Science,UCYxBKzSYTal4BJaEZKKYwEQ
710,Data Science,3690,60905,161,Data Science,UCpP2EVfi3O2eZgGGgpTegtA
711,Data Science,3690,60905,161,Data Science,UCoEfiAnpSCy6lmJpM_Jkb0w
712,Zeeshan Usmani,459000,32351532,639,Zeeshan Usmani,UCllefjGak7WtAV3sVcRy9xQ
713,GeoDa Software,9700,646921,200,GeoDa Software,UCzvhOfSmJpRsFRF2Pgrv-Wg
714,Neo4j,37100,31214323,1501,Neo4j,UCvze3hU6OZBkB1vkhH2lH9Q
715,Nguyen Ha DS,55,1771,14,Nguyen Ha DS,UCeN2R85l5v4ZkySBc2uTKyg
716,Medallion Data Science,7930,155623,32,Medallion Data Science,UCxladMszXan-jfgzyeIMyvw
717,Jheronimus Academy of Data Science,256,251489,135,Jheronimus Academy of Data Science,UCvH-6IAoygZhNezwy2o96vA
718,Everyday Data Science,3230,109551,149,Everyday Data Science,UColtS35pWaswSV634-n-H3A
719,STUDY MART,26900,1178737,395,STUDY MART,UCH6wiF1uC7PhuV_UIR_28AA
720,Data Science Academy,28500,771181,116,Data Science Academy,UCyoi9yYaQRQ2F34wDLosr2A
721,Data Science Academy,28500,771181,116,Data Science Academy,UC1oYhdMunv5IxdPGEBoVPGw
722,DATA SCIENCE LOVERS,11300,470900,67,DATA SCIENCE LOVERS,UCwk47V1XafOrw83d_vwwGhg
723,Data Science Simplified,909,9336,40,Data Science Simplified,UCNMawpMow-lW5d2svGhOEbw
724,Stanford,1710000,250042040,3992,Stanford,UC-EnprmCZ3OXyAoG7vjVNCA
725,DataScience RoadMap,4770,25143,50,DataScience RoadMap,UCAEgip72UcvYwjcqzcJ1I2g
726,Datascience Concepts,2670,93947,347,Datascience Concepts,UCtjldWnIlGpeTuqcniM9jSQ
727,Chai Time Data Science,7900,167668,163,Chai Time Data Science,UCRjtBP-o5FbgRzX2BHQEFtQ
728,ARTEde,1570000,297819191,1580,ARTEde,UCLLibJTCy3sXjHLVaDimnpQ
729,UWaterloo Data Science,465,10834,63,UWaterloo Data Science,UCknY88pglf2xz_S72WHIDxg
730,Project Data Science,2570,132221,14,Project Data Science,UCM7_uh02Xqv4PFKbyIasP4g
731,Hertie School Data Science Lab,1530,29601,33,Hertie School Data Science Lab,UCfqX9h4wkDzXQIdfcrpLBMQ
732,BGUonline,38,778,16,BGUonline,UCYFtXv4sVvXV55IX01sKKJQ
733,yuzaR Data Science,2100,65648,40,yuzaR Data Science,UCcGXGFClRdnrwXsPHi7P4ZA
734,Sundas Khalid,81700,2844710,58,Sundas Khalid,UCteRPiisgIoHtMgqHegpWAQ
735,Data Science Career Coach,40000,2343840,1696,Data Science Career Coach,UCcLYXkT37EAs0Ocn1WZ2OxQ
736,The Data Scientist Show - Daliana Liu,6030,71674,49,The Data Scientist Show - Daliana Liu,UCa0RTSXWyZdh7IciV9r-3ow
737,Mr Fugu Data Science,1850,197227,120,Mr Fugu Data Science,UCbni-TDI-Ub8VlGaP8HLTNw
738,Data Interview Pro,31500,1180162,83,Data Interview Pro,UCAWsBMQY4KSuOuGODki-l7A
739,Data Science for Everyone,3340,180108,269,Data Science for Everyone,UCk13_EXljNVOEQTAbaJo8zA
740,Data Science Discovery,91,37707,143,Data Science Discovery,UCENZdgI5QqhRjo4VeAseUhA
741,Data Science Portugal,738,22242,65,Data Science Portugal,UCHh0Dt0uUKKJtdBvgGJB66A
742,The Morpheus Tutorials,208000,31792369,2818,The Morpheus Tutorials,UCLGY6_j7kZfA1dmmjR1J_7w
743,Data Science with Partha,116,3559,48,Data Science with Partha,UC9TEQJ6XTQguuQzjb9cK1vg
744,Data & Science with Glen Wright Colopy,1750,64172,114,Data & Science with Glen Wright Colopy,UCkEz2tDR5K6AjlKw-JrV57w
745,ExploreAI Academy,1370,21622,10,ExploreAI Academy,UCaHBnY0vcGeVRi35JeABNuA
746,Data Science Institute,384,8241,40,Data Science Institute,UC2DZR6PvG3hEdFuKI1n29Cg
747,Data Science Institute,384,8241,40,Data Science Institute,UCGpXZDA-OSuoj2knIQdq-zA
748,BHF Data Science Centre,44,1116,26,BHF Data Science Centre,UCvpInOwkV-Di0Kt6HwizbDw
749,Super Data Science Podcast with Jon Krohn,4020,122750,349,Super Data Science Podcast with Jon Krohn,UCMbtqTGdSsxYYhhTpV4lSTQ
750,DataScience FEM,511,10268,87,DataScience FEM,UC1TcfNUIWwzY49ivkxi7wmg
751,Data Science Guy,31500,998575,32,Data Science Guy,UCPJXxmrw1NRmOwdZtLM694g
752,Szymon,19,456,32,Szymon,UCF-9Q4sQOeW3roS_YlizC8g
753,Bevan Smith Data Science,967,47037,44,Bevan Smith Data Science,UCLWxzh4RUifJJqAL_WRzpzw
754,Life of a Data Scientist,2150,25773,24,Life of a Data Scientist,UC4RY5nIFI5zD-EbRF1xqpGw
755,UVA School of Data Science,466,40243,121,UVA School of Data Science,UC4bIrRImqGd4Ye_KqLpLPeQ
756,Data Science For All,1750,28294,21,Data Science For All,UCsh_olkwDzYfBOpvXvEy6lg
757,DATA SCIENCE IN TAMIL,1940,33106,119,DATA SCIENCE IN TAMIL,UCTCMjShTpZg96cXloCO9q1w
758,Art of Data Science,655,17000,43,Art of Data Science,UC31nn91mSmS3MEokVhwmQwg
759,Data Science Society,1280,78440,152,Data Science Society,UC5Uikv2NXsZ4ZEWOGyW__3A
760,Data Science Era,1060,25034,11,Data Science Era,UCXuBy568tWjh8HkDfmQ8PYQ
761,The Data Monk,3390,156626,194,The Data Monk,UCGc-2PbLX8ZSby2GajcO0uw
762,Thu Vu data analytics,48900,1175293,43,Thu Vu data analytics,UCJQJAI7IjbLcpsjWdSzYz0Q
763,Data Academy,9070,224329,1195,Data Academy,UC-vwOrbubp58mIm9GJeEi1w
764,NYU Data Science,3430,191829,33,NYU Data Science,UCjxoi1kA0twXJsVnIq2vMHA
765,MYANMAR DATA SCIENCE,7290,227181,201,MYANMAR DATA SCIENCE,UC0g9jkx4MwsojJfBt1MnWew
766,Data Science Central,361,2680,196,Data Science Central,UCNFhJ21AoZNp-CiPeuvl7mw
767,Data Guru (Data Science),347,25777,42,Data Guru (Data Science),UCNeF1FuCGYsBEUnOxCk9Jnw
768,Muhammed Essa,259000,25509761,6293,Muhammed Essa,UC7OGxluGpaD5NHMNoKj33pw
769,Trilha Data Science - UNIP,85,1381,38,Trilha Data Science - UNIP,UCEavMPoQKG8mKXdCg-P-mXw
770,Data Science Gurukul,115,904,13,Data Science Gurukul,UCKPmLadt_IHDQ0JPnX0eQQQ
771,Fahad Hussain,17800,1517174,800,Fahad Hussain,UCapJpINJKHzflWwCQ8Kse2g
772,Data Science Solutions,3380,146062,103,Data Science Solutions,UC72TqRDC641fHrf_XjcQrZA
773,Total Data Science,2110,140287,253,Total Data Science,UC7YlhTyLxk_B1ZcY8CUpCVQ
774,Colaberry School Of Data Science & Analytics,567,49643,209,Colaberry School Of Data Science & Analytics,UCb23caPCK7xW8roOkr_iKRA
775,Data Science with Cyril,411,5444,40,Data Science with Cyril,UChEUUJtEdKZXNjQ1kS09FgQ
776,Data Science Jay,28400,1269835,117,Data Science Jay,UCcQx1UnmorvmSEZef4X7-6g
777,Data Science Philippines,202,3992,12,Data Science Philippines,UCUVbXR1BpEzeuoGp8bzOm3g
778,Unacademy Computer Science,160000,32791976,4407,Unacademy Computer Science,UCFWCFYvqnAMT-jcCqTp_SlA
779,Data Science Salon,1010,24983,137,Data Science Salon,UCh-OliZQ5UhDS3LpfB0lk7w
780,Zero to Data Science,291,67642,52,Zero to Data Science,UCoqMuNeGPs8nhYefK20wOMg
781,UTxLab,1310,150052,135,UTxLab,UCwF9iGns10no6ZmZUtEce6g
782,CodeXplore,41000,1716076,52,CodeXplore,UCN03cDDMfrD6Iyxk20_dvmQ
783,Ghana Data Science Summit - IndabaX Ghana,80,1446,15,Ghana Data Science Summit - IndabaX Ghana,UCQkTp8qQ3kh7xpXX9FDPKnw
784,Data Science Garage,12000,1665613,180,Data Science Garage,UCLhx5RCmUl3cOti6vJq0DPA
785,Data Science Garage,12000,1665613,180,Data Science Garage,UCOEuOH6cY8yisodud25hb7w
786,Data Science ,660,29346,100,Data Science ,UCCLmrYOW5jPEZHm142dgW4g
787,Dublin Data Science,115,1870,22,Dublin Data Science,UCkAyfZ4tAeO0j9dS-_yU7Gw
788,Data Science | Mit Mathe was bewegen,159,68796,5,Data Science | Mit Mathe was bewegen,UCguZSc1FvmvrupHh2E5jnbQ
789,Data Science Academy‚Ñ¢,402,4987,28,Data Science Academy‚Ñ¢,UCdINGxq7LOf9G3MaezZ1wxg
790,The Center of Applied Data Science,149,11727,84,The Center of Applied Data Science,UCCCeiIgcGW7_q488GOEN-4w
791,Data Science and Software Engineering,10800,365086,286,Data Science and Software Engineering,UCrhMuVw3B1FaEb1GKl3aYZw
792,Data Science 4 Marketing & Business,67,6285,62,Data Science 4 Marketing & Business,UCuxQADM0M4SX1NDT6pZMmlg
793,Instituto Data Science Argentina,5750,138896,95,Instituto Data Science Argentina,UCy45Wq2N_vLRcpoV0_vNoaA
794,Polo Club of Data Science,909,67460,125,Polo Club of Data Science,UCGpO97KWw6qb8BATR-AWb1g
795,Data Science Galaxy,1770,18072,25,Data Science Galaxy,UCjG3etyyDCW7vpzJ5szNOIQ
796,Data Science and Programming,591,26544,45,Data Science and Programming,UCGgOwcMzPdO4vd6fes2Eh2Q
797,Women in Data Science,3920,701720,301,Women in Data Science,UCbyzlQEnV1_MYM4Cbp_7eWg
798,Python Soldiers,1020,93112,251,Python Soldiers,UC5ugZocyB5pRFHeSSoMxxzg
799,Mathematics behind Data Science,1080,27645,24,Mathematics behind Data Science,UCPLe2eMlp38SNPKVeaFb9iw
800,Byte Size Data Science,816,39608,91,Byte Size Data Science,UCC00OTwEMHA2jq50m4oJ95g
801,Columbia Data Science Institute,1640,122245,198,Columbia Data Science Institute,UC8LqgjK9f-iMHPN7rvBzVPA
802,CU Boulder Data Science,122,4980,6,CU Boulder Data Science,UCaUZ1BJM35vPZORTLx5wbSQ
803,Data Science Office Hours,5800,29227,17,Data Science Office Hours,UC5c7r0SlnNmPfqxEyni71FA
804,Data Guru - Simplified Data Science,557,32364,36,Data Guru - Simplified Data Science,UC-CHo48db1aZnvBM3G0nbQQ
805,Data Science Bioinformatics,3230,144651,56,Data Science Bioinformatics,UC8HVUWFcUhEGmt_flxUa_9g
806,Dutch Data Science Week,77,8457,45,Dutch Data Science Week,UCHk0pbargtkj528dfmHaHVw
807,UBC Master of Data Science,1050,184555,61,UBC Master of Data Science,UCSJ_h9eR5xIu4fgL8ko-TEA
808,Data Science Tutorials,42400,4489422,905,Data Science Tutorials,UCk5tiFqPvdjsl7yT4mmokmg
809,Data Science Tutorials,42400,4489422,905,Data Science Tutorials,UCH15dz_euC9vs75L6jW9pUg
810,AI & DATA SCIENCE - ERLIN,867,64501,26,AI & DATA SCIENCE - ERLIN,UCJn9qockIqWvwXezjqxXhaA
811,Data Science Mentorship,17,340,12,Data Science Mentorship,UCkLm8ZhK1SbCUJDX7m4BUQw
812,Favrett | Data Science et Machine Learning,192,15172,16,Favrett | Data Science et Machine Learning,UC1QzLIFvIgEsNbOzRnxh-aA
813,Data Science Analytics,8800,908042,68,Data Science Analytics,UCB2p-jaoolkv0h22m4I9l9Q
814,UofU Introduction to Data Science,45,1533,28,UofU Introduction to Data Science,UCKhqODtl1ZAgO6niYNFFGOA
815,taking knowledge,1360,153591,241,taking knowledge,UCn-yeq4Hdm-SRh_qUyrajWQ
816,Muhammad Ali Mughal,19900,982642,160,Muhammad Ali Mughal,UCIp6Gs5oDdxf9yVzA5G-Qvw
817,Data Science NPRU,3280,275681,127,Data Science NPRU,UCkTCgpdKOKNBUHcEQMWtBbQ
818,Data Science with Charaf,46,1859,12,Data Science with Charaf,UCH-KCa4tQxPIbnSqkXZ4_ow
819,UofU Data Science,2680,265283,1446,UofU Data Science,UCDUS80bdunpmvWVPyFRPqFQ
820,Seja Um Data Scientist,65100,2862857,176,Seja Um Data Scientist,UCar5Cr-pVz08GY_6I3RX9bA
821,UW MS in Data Science,94,4169,22,UW MS in Data Science,UC1WrUz9nyozSBJCYJ9meB1w
822,Belajar Data Science DQLab,9780,194903,76,Belajar Data Science DQLab,UCG6EAEw83Lh202HmV8yXeAw
823,Data Science Show,8930,1060721,188,Data Science Show,UCLSFrH7H3Memua6CV7bdVcQ
824,"Data Mining, Text Mining, K√ºnstliche Intelligenz",340,30906,388,,
825,Data Science -  24SEVEN,14,164,7,Data Science -  24SEVEN,UCGsrIRb_ALrmT2xnzGvrGjw
826,Wayfair Data Science,1830,80542,17,Wayfair Data Science,UCe2PjkQXqOuwkW1gw6Ameuw
827,MASTER 2 SISE DATA SCIENCE,3030,152493,143,MASTER 2 SISE DATA SCIENCE,UCo01KLTiDA7JPX0B-Yk6IFg
828,Conquer DataScience,354,14814,29,Conquer DataScience,UCCeaY00SkPBdB2IO4qvIoFg
829,NYC Data Science Academy,6300,333584,243,NYC Data Science Academy,UCWElRq0YXcjo4YJD0TNPh5g
830,Synapse Data Science,4510,147065,82,Synapse Data Science,UCluWMdcn8an5v9u3zYLlDcg
831,Data Science Diaries,325,13804,76,Data Science Diaries,UCMi2_TIHEVFWv7GBOtx6YnA
832,Data Science Garage,28,865,46,Data Science Garage,UCLhx5RCmUl3cOti6vJq0DPA
833,Data Science Garage,28,865,46,Data Science Garage,UCOEuOH6cY8yisodud25hb7w
834,Unidad de Data Science - UdeC,75,1069,13,Unidad de Data Science - UdeC,UC1Fb0WudCafIAzLjKsoXWrw
835,FPTU Data Science Club,79,1901,37,FPTU Data Science Club,UCZRh__foWK6edVle8gID2zw
836,Mostafa Abd El Haliem,5,0,0,Mostafa Abd El Haliem,UCszzqp_5ZhSgh1Ka9tId1iA
837,Becoming a Data Scientist,11400,759677,71,Becoming a Data Scientist,UCFVHt6gpzRxx8BsdSSYDjVQ
838,Fast Data Science Ltd,10,989,5,Fast Data Science Ltd,UCLPrDH7SoRT55F6i50xMg5g
839,DataTH - Data Science ‡∏ä‡∏¥‡∏•‡∏ä‡∏¥‡∏•,5830,129946,25,DataTH - Data Science ‡∏ä‡∏¥‡∏•‡∏ä‡∏¥‡∏•,UC3tagfnPsb5QiJzx0iUGxwg
840,Prosper,179,1759,4,Prosper,UCnVdKqizkKHzre3JfwGVhfg
841,datascience@berkeley,1570,237454,39,datascience@berkeley,UCmX1GEsooIaaaJPeuMRswcQ
842,Data Science for the Lazy,369,14758,36,Data Science for the Lazy,UC6TPFoJKM4jMCRZgaiJlq2g
843,Data Science Cyclist,434,35469,5,Data Science Cyclist,UCtIwNyv9VE74AxUI07Z0B2w
844,Biodiversity Data Science,844,31221,32,Biodiversity Data Science,UCAxw75f8aIKi-ciS5PM_qmg
845,Data Science Foundation International,1350,63731,90,Data Science Foundation International,UCgURMi5Be6B6AOrgXuOnctQ
846,MeanThat & Authentic Data Science,43200,5836002,240,MeanThat & Authentic Data Science,UCbndT3Yjo72smFSSFuaFN2A
847,Harvard Data Science Initiative,768,16198,52,Harvard Data Science Initiative,UCl0IFA3-VcWOadMbNiUH2aw
848,Towards Data Science,13800,250729,146,Towards Data Science,UCuHZ1UYfHRqk3-5N5oc97Kw
849,Data Science,1180,35333,151,Data Science,UCHxRt1sueuXyJP3bvOayMqg
850,Data Science,1180,35333,151,Data Science,UCMrS1v0jxtItBVU1jCnilwA
851,Data Science,1180,35333,151,Data Science,UCYxBKzSYTal4BJaEZKKYwEQ
852,Data Science,1180,35333,151,Data Science,UCpP2EVfi3O2eZgGGgpTegtA
853,Data Science,1180,35333,151,Data Science,UCoEfiAnpSCy6lmJpM_Jkb0w
854,Galvanize Data Science,1610,274740,705,Galvanize Data Science,UC65Th93eDb2iuD-9fZVnjFg
855,Data Science Earth,2720,76565,201,Data Science Earth,UCthTgF6OlUpvSG8kr7Z3-EQ
856,Vienna Data Science Group,228,11530,47,Vienna Data Science Group,UC6QK4pOaKBmPRwGCFLYklLA
857,LearningFuze Coding & Data Science Bootcamp,319,1549674,83,LearningFuze Coding & Data Science Bootcamp,UCBGJCP4BqzTjmIf1gp3kbqg
858,Algoritma Data Science School,13000,364559,359,Algoritma Data Science School,UCCix0G-RLoRTenSFEGrQILQ
859,Halƒ±cƒ±oƒülu Data Science Institute,301,19715,53,Halƒ±cƒ±oƒülu Data Science Institute,UCEtfQBcNYHtB1QVieVvOCNQ
860,Data Science Monks,498,19596,25,Data Science Monks,UC7Dm0JNdyAs3BI2ZLN5ZCxA
861,Data Science Dose,598,7760,17,Data Science Dose,UCeoGIloarEOj-6sxFRdmVKQ
862,Session With Sumit,4260,165580,54,Session With Sumit,UCJxwkGYv5lz_m0vAsY6iQJA
863,PhiBITech,390,7576,62,PhiBITech,UC2gi8JwI9jJAZRFFr3uREAA
864,AppTweak: ASO Tool Driven By Data Science,653,23375,28,AppTweak: ASO Tool Driven By Data Science,UCZUg9QTOHBdasciePfwnwFg
865,Data Science Bond,180,5708,21,Data Science Bond,UCE_LIY6ly83faUIo7dbyf8w
866,TechViz - The Data Science Guy,5490,182325,106,TechViz - The Data Science Guy,UCoz8NrwgL7U9535VNc0mRPA
867,Data Science Mastermind,129,1902,30,Data Science Mastermind,UCIrdNQW-obGQakZ9kwvu14Q
868,Michigan Institute for Data Science,347,26765,125,Michigan Institute for Data Science,UCQJNvq6i65HPmYTw9pdfb6A
869,Matt on Data Science,311,7600,27,Matt on Data Science,UCtzmz6BfJqDx-8IHkh6ovwA
870,VoglData,429,37213,43,VoglData,UCYpvCSU8jUg79DlYKJnbC7A
871,Mantissa Data Science,86,1541,7,Mantissa Data Science,UC-gp964K7jMIzSd2jBoWZCg
872,Data Science Learner,86,5419,8,Data Science Learner,UCklbW9u8IweOMbUN_AuyWvw
873,Data Science Connect,377,14637,308,Data Science Connect,UC-6zQaSCJKUTNaLKGZVn8zg
874,Dr. Data Science,2180,73755,36,Dr. Data Science,UCq8JE4cOzY_CHy7f1PwbwwQ
875,Introduction to Data Analytics,14800,1717559,51,Introduction to Data Analytics,UC6N-EsMNp9xVTj-ct008HIQ
876,Learn Data Science with Pranjal,1650,86900,66,Learn Data Science with Pranjal,UC9QtA7vgIigc1hy5ijQ6NEw
877,Crafting Data Science,74,1255,9,Crafting Data Science,UCLnoj_FRbFIuQGktkvUOXeA
878,Vanderbilt Data Science,135,3996,60,Vanderbilt Data Science,UCJUwHSLYEkp8QyTL6Czm0ow
879,Swiss Data Science Center,90,4722,49,Swiss Data Science Center,UCyuJc6HtKnYY2B4n_Lg-bhA
880,Data Science Association,197,7730,30,Data Science Association,UCMn0HoBKOccGnyOCpp7HvFQ
881,Kyiv Data Science,33,368,3,Kyiv Data Science,UCt5CurpYHXJd22pm7my-yMA
882,Data Science for Healthcare Claims Data,72,2198,14,Data Science for Healthcare Claims Data,UC_tA3l9J3ZhZxw4VAm16Lmw
883,Sagitto Data Science,16,3297,9,Sagitto Data Science,UCOBBE2tg_5-Ijif-xitA7ew
884,"Division of Computing, Data Science, and Society",457,34321,109,"Division of Computing, Data Science, and Society",UCYosMoD6e3_RLZyFmMXB30w
885,Charles Jansen,2860,1444027,141,Charles Jansen,UCv7sFaSX7L5AzQF6cHUfgVg
886,ƒ∞stanbul Data Science Academy,560,11253,9,ƒ∞stanbul Data Science Academy,UCKEbjedTGvyNVb20Cgv9Cfg
887,LSSTC Data Science Fellowship,348,6912,79,LSSTC Data Science Fellowship,UC2GI4z22BohgRf0vHXrqA7g
888,Anastasia K,36100,1176013,35,Anastasia K,UCbWVgqVWcthADXHgxXJn1bA
889,Skillbox –ü—Ä–æ–≥—Ä–∞–º–º–∏—Ä–æ–≤–∞–Ω–∏–µ,81900,3900584,1446,Skillbox –ü—Ä–æ–≥—Ä–∞–º–º–∏—Ä–æ–≤–∞–Ω–∏–µ,UCHJZFCpwlXV7Sie1dV6pQLw
890,TIBCO Data Science,392,8628,46,TIBCO Data Science,UCJmrgkK7Tc6od9KwZc3YJiw
891,Adriaan in Data Science,51,2055,5,Adriaan in Data Science,UCgySZx3rsciJZtICgF3LzPQ
892,Real Data Science,57,2190,13,Real Data Science,UCEN5A4KTR3Fb2s0WepVUkeQ
893,M√°ster Online en Big Data y Data Science - UNED,67,8515,22,M√°ster Online en Big Data y Data Science - UNED,UCiyCEDBmLwh48XLZsNn7Uxg
894,Rutgers Data Science Club,5,145,2,Rutgers Data Science Club,UCzFkViUp49zxqFPcifTacrw
895,Belajar Data Science Mudah,987,68224,8,Belajar Data Science Mudah,UCSu1MKGdVX04a2meVd1rwbA
896,Data Science Theory,430,7226,24,Data Science Theory,UC2gWrPPj8EFhEyKuWRk00QA
897,Technical Course,1290,197288,180,Technical Course,UCcHxuGmToNPOHEEBn6lRt5Q
898,Data Science Courses,17500,1003891,81,Data Science Courses,UCKJNzy_GuvX3SAg3ipaGa8A
899,CARTO,3830,253330,299,CARTO,UC8p3ZhwdRiGrjUdY6bigB3Q
900,Open Data Science,11600,309612,358,Open Data Science,UCDS20hpBFiv_Kdp5Ibh0vew
901,WA Data Science Innovation Hub,39,1459,12,WA Data Science Innovation Hub,UCR1U03vqGVB8gFTeuCk_Lqg
902,Data Science Africa,198,2446,21,Data Science Africa,UCG_XDHclKZxP8MknQQYSw-g
903,√îmega Data Science,1520,12391,42,√îmega Data Science,UC8I5vCEW-JN90WREUPUMYOQ
904,sentdex,1150000,104096238,1253,sentdex,UCfzlCWGWYyIQ0aLC5w48gBQ
905,ProjectPro - Data Science Projects,3550,248478,255,ProjectPro - Data Science Projects,UCfuyYAtTG15_db2PRuaerZg
906,Warwick Data Science Society,250,12338,66,Warwick Data Science Society,UCIsrd9wsNF5blsacM7f6GqA
907,Data Science Devil's,870,65771,35,Data Science Devil's,UCLrwOn78HDNil7-HBzLJt-w
908,Thinking Machines Data Science,42,1192,3,Thinking Machines Data Science,UCgpqpOMUfX_z0GHrHsoK9mw
909,Objectif Data Science | avec Vincent,119,2009,4,Objectif Data Science | avec Vincent,UCY4IP9M6wPQZUuwwEwcq_8g
910,Foundations of Data Science,1870,171178,112,Foundations of Data Science,UCHxCgxeMzE3vkxVsqyudzdA
911,–ì–ª–µ–± –ú–∏—Ö–∞–π–ª–æ–≤,10100,463954,226,–ì–ª–µ–± –ú–∏—Ö–∞–π–ª–æ–≤,UClndvajuNPjUjFcKcg0X8OA
912,UChicago Data Science Institute,367,20828,99,UChicago Data Science Institute,UCf_vMLzedhxTSvsUwVgpAgA
913,Caribou Data Science,962,104755,4659,Caribou Data Science,UCEYlsdkxG4hY6c5-5d3gxCw
914,LSE Data Science Institute,196,4384,34,LSE Data Science Institute,UCF_eco5GKDJVjHY388kpwkA
915,xavecoding - prof. samuka,3170,180615,299,xavecoding - prof. samuka,UCICVlpgW9gVd0UXbOALDFaQ
916,"TECHNOGEEKS - Data Science, Python, Hadoop, AWS, Selenium, ETL training Institute Pune",1900,7989,32,"TECHNOGEEKS - Data Science, Python, Hadoop, AWS, Selenium, ETL training Institute Pune",UCvr1SeiMwo0fyIU3Cu87ZuA
917,UvA Data Science,135,17013,40,UvA Data Science,UCdUfTAZ0Q_3mnziJf3fo5Qw
918,Cloud and Data Science,1470,65166,47,Cloud and Data Science,UCiLPAqeX3BVO6pgpOwAPHhA
919,Data Science club VIT Bhopal,53,579,3,Data Science club VIT Bhopal,UC5pB8eW_kDoimQ5s4S7QgeA
920,Data Science at Home,380,12630,155,Data Science at Home,UCS3-Fuwaty1mc8MH6vJTVTw
921,Jochen Kruppa,265,42718,251,Jochen Kruppa,UC2xiDQc3vBk2UPJizRWrXeQ
922,Data Science Cafe,280,9928,17,Data Science Cafe,UC37zJCO9zHxt1vx-dnrIsjQ
923,Data Science & Machine Learning - MLMINDS,8270,380150,38,Data Science & Machine Learning - MLMINDS,UCJI8JFi_4U5sl_rg26-B6oQ
924,Data Science Wizards,113,3387,23,Data Science Wizards,UCSIvV0n3Dcf1tUji1exYbGQ
925,Data Science Dream Job,7690,0,0,Data Science Dream Job,UCr6_XCxMLXWGguWZi_93n7w
926,Women in Data Science (WiDS) Villach,27,2844,25,Women in Data Science (WiDS) Villach,UCYM7iu9dmt22aeBjQHdNM4Q
927,Data Science for Social Good PT,65,1427,25,Data Science for Social Good PT,UCv_9d3U9IiNORl7q_FoIK_g
928,Learn Data Engineering,30600,831976,196,Learn Data Engineering,UCY8mzqqGwl5_bTpBY9qLMAA
929,London Clojurians,1940,131427,107,London Clojurians,UC-pYfofTyvVDMwM4ttfFGqw
930,Florida Data Science for Social Good (FL-DSSG),38,3049,47,Florida Data Science for Social Good (FL-DSSG),UCcXKi-04zVU6g4UpeeNCA6Q
931,WQU Data Science Module,8020,10818,2,WQU Data Science Module,UCW5qH1I2RMA0CnJ0uo7OTvQ
932,"Online Learning SharePoint online , Data Science",1210,103555,214,"Online Learning SharePoint online , Data Science",UCCVGHzydkUkcrwMjdxsoouQ
933,Vancouver Women in Data Science,286,6399,28,Vancouver Women in Data Science,UCRLazM0-4DRSTN4an4gv6ZA
934,Carolina Analytics & Data Science,25,292,10,Carolina Analytics & Data Science,UCO44Yjhjuo5-TLUCAaP0-cQ
935,Data Science UA,1390,135330,191,Data Science UA,UCtMLt48fRjCqiUvKemsDzMw
936,Data science colloquium CFM-ENS,271,11714,20,Data science colloquium CFM-ENS,UCAhx5LLlJDi8pTLI2EICKjQ
937,codebasics Hindi,45200,1638219,130,codebasics Hindi,UCTmFBhuhMibVoSfYom1uXEg
938,Open Data Science Initiative,2390,221677,220,Open Data Science Initiative,UCUjuEqUQbTrJ11f8nkWltQQ
939,Data Science TV,45,934,22,Data Science TV,UC0FfG3bn67bLRBsld6IjXRg
940,Data Science TV,45,934,22,Data Science TV,UCaIVkwxOJWzduge0zIp0viQ
941,Uprising in DataScience,1340,18476,85,Uprising in DataScience,UCIW5oGyAJ6rwo91BDacDqlg
942,Mario Filho,20400,499593,107,Mario Filho,UCIFd_i2iwYox1PPm9rD8wFA
943,Metis Data Science Training,2280,190111,117,Metis Data Science Training,UCpbU53RP134D9qy9GzKBAXA
944,Academic Data Science Alliance,74,2254,78,Academic Data Science Alliance,UCd1rcIFUbpF8E907xK62cfQ
945,Data Science Center,1460,434170,111,Data Science Center,UC8GVW7XtwXCHeztZb_MYHbg
946,jonathanwreed,785,148909,195,jonathanwreed,UC9OUJZE2oIwa6rqWSqYoXKw
947,Indian AI Production,36100,4120166,392,Indian AI Production,UCNzs7V6xG5GO0i_i6Grojyw
948,Data Science Bits,1060,26436,21,Data Science Bits,UCRfjUTMaWq85GKqNKa0js6A
949,dfcidatascience,866,60144,45,dfcidatascience,UCGujjX38v6lGOHBEwkPhT_g
950,Data Science for Social Good,595,13764,105,Data Science for Social Good,UCAcKfCrYIGA3MBjdZIy63ng
951,The Data Science Channel,90,5493,19,The Data Science Channel,UCkp0ctv0vCNfh7i7D9GnHhw
952,Learn Data Science with BIET,118,3360,12,Learn Data Science with BIET,UCzX-eYwCOHBBxRdu0W58hXg
953,Learn Data Science,1620,64480,69,Learn Data Science,UCJhW_16uxALr0X4olEW2p5A
954,Learn Data Science,1620,64480,69,Learn Data Science,UCGBfiCUQZHY5wnnVnQzV7pw
955,Learn Data Science,1620,64480,69,Learn Data Science,UCEu0zQIMxlLNqZQGxghPNog
956,Learn Data Science,1620,64480,69,Learn Data Science,UCyV_sDyCIsoHm-8iow5kkYQ
957,Data Science TV,15,7904,1,Data Science TV,UC0FfG3bn67bLRBsld6IjXRg
958,Data Science TV,15,7904,1,Data Science TV,UCaIVkwxOJWzduge0zIp0viQ
959,DATA SCIENCE PROJECT,1240,48872,2,DATA SCIENCE PROJECT,UC7ZZuAjLHq5RYXtA6Ccm1EQ
960,Frankfurt Data Science,939,36041,30,Frankfurt Data Science,UC69KcsyQvkqcyDsY1xcU7MQ
961,IU Data Science,175,54686,29,IU Data Science,UC_OR_L6rgJI20QjSWRLBvWA
962,Community Data Science Collective,11,478,8,Community Data Science Collective,UCp30xPnzVktEvwEMW6h2eTA
963,Maglytic - Data Science Simplified!,13,745,64,Maglytic - Data Science Simplified!,UC1BKeQl3PtqJij-DohJ6JhQ
964,TECHNICAL ASSOCIATION OF DATA SCIENCE-IARE,194,6246,9,TECHNICAL ASSOCIATION OF DATA SCIENCE-IARE,UCtqdmIEZGMAT3ppXAK-lihw
965,SJC Data Science Trichy,74,2189,17,SJC Data Science Trichy,UCQxIgf4aoOxnS30jW3TbIvA
966,Tech86,3,54,93,Tech86,UCxh6CMevp43uGD8n4QqbDpQ
967,The High ROI Data Scientist,2700,39849,105,The High ROI Data Scientist,UCkYooZtwK_RJAd9SdL1jfeA
968,Codanics,18600,956015,286,Codanics,UCmNXJXWONLNF6bdftGY0Otw
969,Toulouse Data Science,72,1828,15,Toulouse Data Science,UC_dWVY1oW1RHEpVci2eW-2A
970,Saima Data Science,1220,32218,194,Saima Data Science,UCpfpcC77JZ5aNa0_PcHi-JQ
971,Liga de Data Science UNICAMP,0,30,1,Liga de Data Science UNICAMP,UCjDNyveZuHcM6ywy9alwzGg
972,Parag Dhawan,1120,277328,385,Parag Dhawan,UCFqeqjMPuWyP2lmJx7JIX_w
973,Data Science and AI for Beginners and Kids,1420,155467,53,Data Science and AI for Beginners and Kids,UCeibmp6E1k5Eqwwt_nQL87g
974,Shilpa Banerjee,4,258,22,Shilpa Banerjee,UCXkjl-2zfhw3R6nv9pzctTA
975,learn with AK,750,62615,227,learn with AK,UC_C6LlUcicrD0O5dwXHS3Jw
976,Data Science with Morteza,14,419,9,Data Science with Morteza,UCFJVz0N2GDpQM8euE-xkKHQ
977,code_your_own_AI,993,56733,220,code_your_own_AI,UCfOvNb3xj28SNqPQ_JIbumg
978,Data Science,131,4173,37,Data Science,UCHxRt1sueuXyJP3bvOayMqg
979,Data Science,131,4173,37,Data Science,UCMrS1v0jxtItBVU1jCnilwA
980,Data Science,131,4173,37,Data Science,UCYxBKzSYTal4BJaEZKKYwEQ
981,Data Science,131,4173,37,Data Science,UCpP2EVfi3O2eZgGGgpTegtA
982,Data Science,131,4173,37,Data Science,UCoEfiAnpSCy6lmJpM_Jkb0w
983,HaloTech Academy,205,2182,20,HaloTech Academy,UC3abfTxNmYKy0U5HfOSL9Zw
984,Introduction to Data Science,31,4660,63,Introduction to Data Science,UCgpvzMJe9d6_JtpiHeYhjZg
985,Ita√∫,1330000,1392647399,1182,Ita√∫,UC0yw39DOcCOwyUj2uY8vbuA
986,Z√ºrich Machine Learning and Data Science Meetup,580,41900,7,Z√ºrich Machine Learning and Data Science Meetup,UCEjoVUeRe7AmWBrjmeS1VQg
987,Easy Data Science,10,263,7,Easy Data Science,UCiuoyvVKtsyDyM8N3-JPPPw
988,PASS Data Science Virtual Group,611,17716,19,PASS Data Science Virtual Group,UCqB3xWdwjA9soFV6EOu7qfg
989,HACKTIV8,9270,9936396,677,HACKTIV8,UCyTOwW6s6zmGGFGmLDkfp2w
990,Data Science,41,4942,37,Data Science,UCHxRt1sueuXyJP3bvOayMqg
991,Data Science,41,4942,37,Data Science,UCMrS1v0jxtItBVU1jCnilwA
992,Data Science,41,4942,37,Data Science,UCYxBKzSYTal4BJaEZKKYwEQ
993,Data Science,41,4942,37,Data Science,UCpP2EVfi3O2eZgGGgpTegtA
994,Data Science,41,4942,37,Data Science,UCoEfiAnpSCy6lmJpM_Jkb0w
995,Data Science for All,9060,503251,295,Data Science for All,UCo-3_hRV1Zk2dyvcIReeyKg
996,Berkeley Institute for Data Science (BIDS),5290,284538,348,Berkeley Institute for Data Science (BIDS),UCBBd3JxQl455JkWBeulc-9w
997,Simply Data Science,60,3708,28,Simply Data Science,UCALaUVZALq2rLaJDzu_Geiw
998,Data Science by Hadi,171,17438,8,Data Science by Hadi,UCuUos05DqrTKOsyVfew6BPw
999,R_Py Data Science,509,17035,59,R_Py Data Science,UCpHd6O1Yqz4YgcYUBfyRqKg
1000,UM Data Science Lab,14,814,7,UM Data Science Lab,UCuao6owUe0VOQw0CCw94xQg
1001,Alex The Analyst,268000,10700064,160,Alex The Analyst,UC7cs8q-gJRlGwj4A8OmCmXg
1002,Automation & Data Science,955,3273,64,Automation & Data Science,UCOGLG_-uQco3Z7YGXtbEbEg
1003,Escola Data Science ,6,42,3,Escola Data Science ,UC8qxe76RoMFd1AF456GUglQ
1004,Stack,37600,2121602,246,Stack,UCZ8gRCp3vixlGVAtplCDd5Q
1005,Caribbean Data Science,279,7258,239,Caribbean Data Science,UCrYyWKKNcrabk02nK-WyGsg
1006,Data Science Milan,652,42458,77,Data Science Milan,UCs2qF9vC15HL5vQMGhOQZdQ
1007,Data Science with Raghav,1310,110029,17,Data Science with Raghav,UC86OgfmVfguW69_0uIEffVQ
1008,DASH: Data Science Center in Health,217,8699,36,DASH: Data Science Center in Health,UCwXMKrGJ6LZfsLlypI_d72A
1009,ËøêÁ≠πORÂ∏∑ÂπÑ(Operation Research China Society),24,410,74,ËøêÁ≠πORÂ∏∑ÂπÑ(Operation Research China Society),UCytqifJRR_OCOkpq-FYO3YA
1010,Data Science Basics,153,20696,5,Data Science Basics,UCgp6nN1scpqtVk68EKCPooA
1011,Data Science,433,27802,8,Data Science,UCHxRt1sueuXyJP3bvOayMqg
1012,Data Science,433,27802,8,Data Science,UCMrS1v0jxtItBVU1jCnilwA
1013,Data Science,433,27802,8,Data Science,UCYxBKzSYTal4BJaEZKKYwEQ
1014,Data Science,433,27802,8,Data Science,UCpP2EVfi3O2eZgGGgpTegtA
1015,Data Science,433,27802,8,Data Science,UCoEfiAnpSCy6lmJpM_Jkb0w
1016,REU Data Science Club,68,1353,25,REU Data Science Club,UC19qdYDoI6eHG1apGbaF4EA
1017,Data Science Coach,368,8767,18,Data Science Coach,UC3bjbWYK7S_FLW0y0Ux4tyQ
1018,Lyon Data Science,1140,34224,20,Lyon Data Science,UC4NLKb2EhK3JTT45lUbqfHQ
1019,UBC's Data Science & Health Cluster,4,527,7,UBC's Data Science & Health Cluster,UC7_D0xw6zP_1nu29sUlGQIA
1020,Rocketing Data Science,637,41324,56,Rocketing Data Science,UCUIBKDoSSwehuDK4jk1CjFQ
1021,NHL Stenden Computer Vision & Data Science,38,6718,25,NHL Stenden Computer Vision & Data Science,UCiY2OYO5uETH_be66cKYeag
1022,HVL Data Science,21,377,6,HVL Data Science,UCXIeJjgRJXsBP9ynWToAPsw
1023,Man of Data Science,6,10200,44,Man of Data Science,UCPzFrf4rrSOQ98n1QzkdKSA
1024,UoM Institute for Data Science & AI,110,3925,40,UoM Institute for Data Science & AI,UCao3uVR6s_MaSXkdqLVq7ww
1025,emma,4,403,88,emma,UCDukp6v2za1I_8IrOaNlJuw
1026,"Institute of Data Science (IDS), NUS",59,3027,22,"Institute of Data Science (IDS), NUS",UCY-AZ_4eFcbOgCB4dSQfLlA
1027,Data science Community,28,2500,6,Data science Community,UCETGt7VbsefoBnlrjdoZmDQ
1028,Data Science Institute,23,381,18,Data Science Institute,UC2DZR6PvG3hEdFuKI1n29Cg
1029,Data Science Institute,23,381,18,Data Science Institute,UCGpXZDA-OSuoj2knIQdq-zA
1030,Data Science Quest,6,901,51,Data Science Quest,UC4O7eNLXGbpiCEr5VQFHrpQ
1031,Data Science Kazakhstan,520,15991,41,Data Science Kazakhstan,UC5oQndVv2yGbMc6ew6j-0Vg
1032,LU - Data Science Institute,8,398,5,LU - Data Science Institute,UCbIaCnw5ulNQqLdA4CVZq1Q
1033,–ê–Ω–¥—Ä–µ–π Data Science –ö–∞–Ω–∞—à–æ–≤,1890,75644,8,–ê–Ω–¥—Ä–µ–π Data Science –ö–∞–Ω–∞—à–æ–≤,UCnFoc_fRVuHzXXTO34d5vXg
1034,Sun Devil Data Science,49,1769,10,Sun Devil Data Science,UChELZn8UwqMXVfut6bv0T4A
1035,Shashank Kalanithi,101000,4356578,141,Shashank Kalanithi,UCvZnwzmc3m1Eush-Or8Z6DA
1036,Discovery with Data Science,5,174,8,Discovery with Data Science,UChvWQJuAeIs6_v5AeJA39gA
1037,DC Data Science,22,4457,2,DC Data Science,UCjoq9T1wspFWtrsYRPFLskw
1038,B4DS - Business Engineering for Data Science,6,397,20,B4DS - Business Engineering for Data Science,UCTfw0A9lR-v7vLuULkPyPpw
1039,Notre Dame Data Science,178,18090,15,Notre Dame Data Science,UCzxA8kvU5n6HwNmXGbdsqug
1040,David Robinson,14300,402109,113,David Robinson,UCeiiqmVK07qhY-wvg3IZiZQ
1041,Harpreet Sahota | The Artists of Data Science,1410,67412,346,Harpreet Sahota | The Artists of Data Science,UCaToJX3gtTgnT7WNrrbtbqg
1042,Data Science with Yan,773,64020,42,Data Science with Yan,UCf3hRwWWz-2HxdMdwOWVpow
1043,Women in Data Science Regional,369,9971,38,Women in Data Science Regional,UCHGAwygtFWAonSYfjeUv0iA
1044,Data Science Rush,46,1924,24,Data Science Rush,UCC1I4KoxkaXtsTSecYIidGA
1045,Data Science on the Fly,83,1492,15,Data Science on the Fly,UCEC76IN7pH9rl5pkxFkr7cw
1046,mlgorithm Data Science,138,30687,20,mlgorithm Data Science,UCpSoP3Y6aZxFUvvpwvjDReg
1047,Mr Data Science,8,4659,2,Mr Data Science,UCHQeKhLl99Ho6EF0MNZozWQ
1048,Data Science Partners,0,10,1,Data Science Partners,UCIbg6eHZY1UI2u5AFe3uqnA
1049,Data Science Tutorials,465,29483,54,Data Science Tutorials,UCk5tiFqPvdjsl7yT4mmokmg
1050,Data Science Tutorials,465,29483,54,Data Science Tutorials,UCH15dz_euC9vs75L6jW9pUg
1051,Analytics Vidhya,15600,491727,214,Analytics Vidhya,UCH6gDteHtH4hg3o2343iObA
1052,Naveen Reddy,2,1160,3,Naveen Reddy,UCv9hnyDv4uSJPXZvLCbhhBA
1053,Bioinformatics: Data Science for Biology,119,9421,36,Bioinformatics: Data Science for Biology,UCx3QJc2DZSo-mny8UERmywg
1054,Learn Data Science,11,1420,6,Learn Data Science,UCJhW_16uxALr0X4olEW2p5A
1055,Learn Data Science,11,1420,6,Learn Data Science,UCGBfiCUQZHY5wnnVnQzV7pw
1056,Learn Data Science,11,1420,6,Learn Data Science,UCEu0zQIMxlLNqZQGxghPNog
1057,Learn Data Science,11,1420,6,Learn Data Science,UCyV_sDyCIsoHm-8iow5kkYQ
1058,Master of Science in Data Science SWU,301,40894,356,Master of Science in Data Science SWU,UC7it0k4kHdEGHERkDV2GQ-g
1059,Python for data science by Yakub,461,5540,69,Python for data science by Yakub,UCAuZ5lFOQiw3-VCwdFkx64g
1060,Intro Data Science,87,2471,27,Intro Data Science,UCCl4jJKKsTy-ZDvh69Y7UDQ
1061,"Jeremy Yang - Data science, etc.",323,16507,14,"Jeremy Yang - Data science, etc.",UCZAnpteBkuVUtm4FaYDheog
1062,Data Science Today,21,3051,31,Data Science Today,UCbLakoBIId-QkAK3WsME0Ng
1063,Le Wagon LATAM,3810,145681,154,Le Wagon LATAM,UCR5C1X1xM6EUtvypOs7Xraw
1064,Data Science Academy,1190,187190,12,Data Science Academy,UCyoi9yYaQRQ2F34wDLosr2A
1065,Data Science Academy,1190,187190,12,Data Science Academy,UC1oYhdMunv5IxdPGEBoVPGw
1066,Data Science Br,14,0,0,Data Science Br,UCcnHV193N3yMDcO2Yc2q7-A
1067,JKU Visual Data Science Lab,7,550,12,JKU Visual Data Science Lab,UCH0ztMDNtQuIx0-ZWIavG0Q
1068,The Foundations of Biomedical Data Science,2210,100673,92,The Foundations of Biomedical Data Science,UCKIDQOa0JcUd3K9C1TS7FLQ
1069,Data Science Research Center,2,236,5,Data Science Research Center,UCI_y3dyCT9ADCMY5otpcv1A
1070,Data Science School,11,602,18,Data Science School,UCdcjBJmE7CnTMAD_zNHjmbw
1071,Data Science School,11,602,18,Data Science School,UCTkbP1KbfQQlt1sqHJ0GDbA
1072,University of Wisconsin Data Science Master's Degree,56,2274,1,University of Wisconsin Data Science Master's Degree,UCO-9uwoAtXv8Rsn5Y-WvTIw
1073,Awesome Data Science,48,14838,9,Awesome Data Science,UCvuXAt015WbBePQzlPFWvSQ
1074,iDash Szkolenia Data Science,33,1261,6,iDash Szkolenia Data Science,UC2BOsSZvYHMlUvp-9X7q6gw
1075,Data Science Graduate Shorts,63,28982,74,Data Science Graduate Shorts,UC8hvRy2H84Mekck267NdGEQ
1076,Institute of Data Science at Maastricht University,32,1970,28,Institute of Data Science at Maastricht University,UCMgGGMTGRUCA1YLXq3-FnVg
1077,R Data Science School,138,2284,14,R Data Science School,UCg6kociUghEgKz_hLRKQrMQ
1078,Data Science by yogi,47,1899,26,Data Science by yogi,UCZ1ZHjgLltUOsGH8agZh1wA
1079,bits and bytes of Data Science,7,697,1,bits and bytes of Data Science,UCqA4sTVxYLU_FiPhF5B80qQ
1080,ExcelR,25400,909361,479,ExcelR,UCF2_gALht1C1NsAm3fmFLsg
1081,Learn Data Science,0,57,5,Learn Data Science,UCJhW_16uxALr0X4olEW2p5A
1082,Learn Data Science,0,57,5,Learn Data Science,UCGBfiCUQZHY5wnnVnQzV7pw
1083,Learn Data Science,0,57,5,Learn Data Science,UCEu0zQIMxlLNqZQGxghPNog
1084,Learn Data Science,0,57,5,Learn Data Science,UCyV_sDyCIsoHm-8iow5kkYQ
1085,Women in Data Science Auckland,64,2845,19,Women in Data Science Auckland,UCEZy_7c5rXF1GqxhmOI-Dxg
1086,Women in Data Science Athens Forum 2021,17,584,1,Women in Data Science Athens Forum 2021,UCQz_T2BIZjZR7QVDzOAy0sQ
1087,Data Science Explorer,1,10,1,Data Science Explorer,UCGqFMXGaQsq0YvAeM9v_HxA
1088,Data Science Dad,215,3318,18,Data Science Dad,UCEbnyu9NdztMcOa5epgy2NQ
1089,Data Science Classes,2,2398,2,Data Science Classes,UCpu3gddrq054Axc3ww0FZAg
1090,Desafio Data Science,203,2679,16,Desafio Data Science,UCD2HpuEh4WVRGTjHBvVYziQ
1091,AUC Data Science Initiative,194,3529,37,AUC Data Science Initiative,UCxLeafaLWeGxwJSWJC247jw
1092,Data Science Sports,1,31,1,Data Science Sports,UC_CVwaiL_o0uL422Wt1LRPA
1093,Data Science PJ,13,374,4,Data Science PJ,UCoOvPwADbmNJJp0jgGYc_OA
1094,Data Science Univr,50,2120,11,Data Science Univr,UCEg3--7ttg3PE_T_92pn9QA
1095,Digital Skola,406,110480,35,Digital Skola,UC8lUGsyZgmVDf2cWyvFJwew
1096,Data Science Conference,1000,68542,333,Data Science Conference,UC-yt9rh6xh9Ym0vtTIA105w
1097,Data Science with Ehsan,128,3215,101,Data Science with Ehsan,UCV_h0TAY3IHRpXDo8dCa6CA
1098,Pacmann AI,3440,177074,194,Pacmann AI,UC5oiB8wDG17W8XALdLjlFEw
1099,"3RI Technologies - AWS, DevOps, Python,Data Science Online Training",1980,162878,232,"3RI Technologies - AWS, DevOps, Python,Data Science Online Training",UCQrYtU3mlW9rEy7YqDgXpuw
1100,Africa Data Science Summit,58,1406,26,Africa Data Science Summit,UCc2xaLFRFyPjhMfcAsA7jOg
1101,Studying Data Science(TEMPORARY CHANNEL),1,0,1,Studying Data Science(TEMPORARY CHANNEL),UCnRKhyhFHs7ANzMbb56ur5w
1102,DataTalksClub ‚¨õ,15200,286074,262,DataTalksClub ‚¨õ,UCDvErgK0j5ur3aLgn6U-LqQ
1103,8FX,0,0,1,8FX,UCFoT07niFH8ikWT4qAFwo3A
1104,krishna teja,0,0,0,krishna teja,UCrjkHBARim7H8fa0nT-gBuA
1105,Digital Shaheer 92,0,2,1,Digital Shaheer 92,UCyOw9oZ6Upf8yhjY1n2CeZg
1106,Machine Learning Colombia,713,8785,24,Machine Learning Colombia,UC4BBy3YOBNJwlvD5c82pORA
1107,dotnet full stack,0,0,0,dotnet full stack,UCMFsvurAN4jhtGwzia2a8Hw
1108,pantechsolutions,279000,8546210,1305,pantechsolutions,UCzDbg392XuzwwWKdkpa41xg
1109,Study Hacks,10500,301869,413,Study Hacks,UCmVAM92fX1ag8-6V1lsvH_w
1110,Data Science Hub,31,522,29,Data Science Hub,UCF5sgzpVHKI2tXWzJ3BqPaA
1111,expert ai,789,52264,152,expert ai,UCGF6svv_-AgkWeJBRvC8dpg
1112,Jedha Bootcamp,2480,193020,201,Jedha Bootcamp,UC_eP8EL0XZYwmTf1_m1U6-Q
1113,Python Bytes Podcast,2690,60059,183,Python Bytes Podcast,UCK_eZkV9CYCxhdf9f0dEukA
1114,Fachhochschule Graub√ºnden,740,5912475,217,Fachhochschule Graub√ºnden,UCBeTR6yZb_6rBHYrH60b1Lg
1115,Computer Science With Hamza Ali ,60,194,2,Computer Science With Hamza Ali ,UCqfA0YGl5jhe9JCvTPS33NQ
1116,SYMSON,30,1747,60,SYMSON,UCejHnTldZclP6jbqviXeDpg
1117,Crecer con Datos | Kristianm,1,79,7,Crecer con Datos | Kristianm,UCCOAEUA4zegpYfWemeiOtKQ
1118,CloudxLab Official,15400,1326030,408,CloudxLab Official,UC8mJ6DL1Q32UWyJUceoO8Jw
1119,Comet ML,394,17233,119,Comet ML,UCmN63HKvfXSCS-UwVwmK8Hw
1120,Pragmatic AI Labs,7000,363624,611,Pragmatic AI Labs,UCNDfiL0D1LUeKWAkRE1xO5Q
1121,Coding Ninjas,344000,35521450,2318,Coding Ninjas,UCZJlMUYdbtzQ8tVfLvK1KvQ
1122,Gaurav Sen,469000,22744997,231,Gaurav Sen,UCRPMAqdtSgd0Ipeef7iFsKw
1123,CareerFoundry,105000,5290419,212,CareerFoundry,UCzAF54cHk1ZO82af-8E3qOQ
1124,Intellipaat,1470000,91315629,3050,Intellipaat,UCCktnahuRFYIBtNnKT5IYyg
1125,Meetz,0,0,2,Meetz,UCXLxCSBgxrSMh-BWAig__Vg
1126,STEAM TALENT¬Æ,1,7,2,STEAM TALENT¬Æ,UC5rm15vyKy7Vqf7XW3AMTzQ
1127,San Francisco Bay ACM,5030,456807,221,San Francisco Bay ACM,UCkWtKo2KIRioGMysSeQC6gg
1128,Pine Biotech,11800,822860,847,Pine Biotech,UC8OMvIKFetytMhCp3euKHDg
1129,Pentester Academy TV,59600,2156281,967,Pentester Academy TV,UChjC1q6Ami7W0E71TzPZELA
1130,ACM SIGPLAN,5320,623413,2032,ACM SIGPLAN,UCwG9512Wm7jSS6Iqshz4Dpg
1131,DrKBs Tutorials,48,2417,144,DrKBs Tutorials,UCa9RqYYthUDGEgBb5HzORpw
1132,R Programming 101,55300,1714206,47,R Programming 101,UCfJyQ3P2k_SuqfxVdqIEQNw
1133,Computer Science University,31,155,4,Computer Science University,UCeDI6oCRtUPtYRu-ff33_rA
1134,Techcanvass,15900,1719244,505,Techcanvass,UCDHsj-2kb_bGk_Dr3ktSSbg
1135,DevExpress,51700,12982655,1490,DevExpress,UCtOjyugQSbxjQGuimGVsLVg
1136,Study with Tina,16800,185481,149,Study with Tina,UCI8JpGrDmtggrryhml8kFGw
1137,Growth Tribe,71900,2681944,196,Growth Tribe,UCj6owuAZrJNsjQzc2ZtILIw
1138,AICamp,7630,260429,278,AICamp,UCj09XsAWj-RF9kY4UvBJh_A
1139,National Human Genome Research Institute,35800,5075173,2179,National Human Genome Research Institute,UCUp6Pd9fx8_UX7S38Ih_JqA
1140,Suhayb,5020,69344,163,Suhayb,UCcahFtRVMggxWrnGQ2pYvqw
1141,KR NETWORK CLOUD,3240,183488,340,KR NETWORK CLOUD,UCuYH5V2Y5UvtU8zW0pgezig
1142,Enterprise DNA,68200,10192186,834,Enterprise DNA,UCy2rBgj4M1tzK-urTZ28zcA
1143,Shailendra Kumar,1370,94374,216,Shailendra Kumar,UCI08ZNHPfMZW3GfE0VtMJpg
1144,"Shivaji Science College, Congress Nagar, Nagpur",141,3120,23,"Shivaji Science College, Congress Nagar, Nagpur",UCGIV5WS_K1umY-SkpCzmQMg
1145,Geekle Official,11300,299027,124,Geekle Official,UCT-RTQuSWLsJXytEy7Q7n4g
1146,MCQs DATA Official,30,145,1,MCQs DATA Official,UCygGw_lR-5T9BWLNEonbLKg
1147, Naik technology 2.0,312,13402,22, Naik technology 2.0,UCYurO8pDKmjLt63aoHyJVzg
1148,19_154-ALFINI NURIL INSANI,6,122,3,19_154-ALFINI NURIL INSANI,UCblFcvWB0FjiJxEs4woxhLw
1149,Lets Learn,8,162,7,Lets Learn,UCgE6Egd5YN9upOggd3fp-KQ
1150,Daily Science Video,2890,56,6,Daily Science Video,UC-Rb11znYsFACotCNgakxIw
1151,Jakir Fakir,0,0,1,Jakir Fakir,UCRbFU0oGVAUFH7nGT4q4ICg
1152,14 High School Sports 41,0,0,0,14 High School Sports 41,UCDnvk1EFmSng_pRaEmPZgDA
