,channel_title,channel_id
0,DSN- Data Scientists Network(Data Science Nigeria),UCTi2xuVi9CLx9QryIJYLbaQ
1,freeCodeCamp.org,UC8butISFwT-Wl7EV0hUK0BQ
2,codebasics,UCh9nVJoWXmFb7sLApWGcLPQ
3,Steve Brunton,UCm5mt-A4w61lknZ9lCsZtBw
4,Data Professor,UCV8e2g4IWQqK71bbzGDEI4Q
5,Quantra,UCxmc1u5keDVruhrrxXN230w
6,Learn Python with Rune,UCRcIvjtYDUi5cWjlmjWipcg
7,Microsoft Research,UCCb9_Kn8F_Opb3UCGm-lILQ
8,Data Science with Sharan,UCCR6F6X28Kj00bgPCH9Ct_w
9,ritvikmath,UCUcpVoi5KkJmnE3bvEhHR0Q
10,Joma Tech,UCV0qA-eDDICsRR9rPcnG7tw
11,Mohammed Wais,UCZjQcS44CSULIdUJvZgjvqA
12,"Le blob, l‚Äôextra-m√©dia",UC3E2DhYIqnoc6H3WXwTVnlA
13,365 Data Science,UCEBpSZhI1X8WaP-kY_2LLcg
14,IIT Roorkee July 2018,UCY-ANi3wxkUSGhAel7T0TGw
15,Ken Jee,UCiT9RITQ9PW6BhXK0y2jaeg
17,NeuralNine,UC8wZnXYK_CGKlBcZp-GxYPA
18,MarinStatsLectures-R Programming & Statistics,UCaNIxVagLhqupvUiDK01Mgg
19,FUN WITH DATA SCIENCE,UCyU1CDYl_NX8nsxCCkKfk3A
22,CFA Institute,UC8Zy7crsNBL8NJCc_ueF-CA
23,Unfold Data Science,UCh8IuVJvRdporrHi-I9H7Vw
25,The Julia Programming Language,UC9IuUwwE2xdjQUT_LMLONoA
26,Mustafa Othman,UCITfscBBm40O9MgtqiQC00w
27,Learn With Arif,UCMqUl4U_8LwHiXT09_ouzxQ
28,DataCamp,UC79Gv3mYp6zKiSwYemEik9A
29,IIT Kanpur July 2018,UCwCunw0e4YQmmuwPEF7-VsA
30,CodeWithHarry,UCeVMnSShP_Iviwkknt83cww
31,Cognitive Class,UCoSiBUY5b9ixwuKfS99_rSw
32,PROGRAMMING IN URDU,UC8_mEmKuaH8f8vn6__Cu4PQ
33,David Langer,UCRhUp6SYaJ7zme4Bjwt28DQ
34,Steven Skiena,UCh27N8m4Jp_rkwx26Q4iclQ
35,Krish Naik,UCNU_lfiiWBdtULKOw6X0Dig
36,Nalini Jagtap,UCligZ7FAqB0BNmjxmfmXh3g
37,Etisha Garg,UCNliY-e1-7VNtuWgrSib1UQ
38,Leonid Zhukov,UCqwvCUUnfyL_MdA_uQPZF_A
39,Masters Of Code,UCgl2bpqArRPWOc3itVKjACw
40,tastytrade,UCLJiSMXJ9K-1AOTqIqdXJgQ
42,Rajasekhar Classes,UC2x3mbRv6I8EeXZ31Nmez0g
43,IIT Madras - BSc Degree Programme,UCvKzzGO37oT83K0FwnUucxw
44,TechNinjas 2.0,UCrNPtChXsgugled8CI4DzUA
45,Coursera,UCZ50rYSkYQG31YDEJm9Di_g
46,Sarfaraz Se Sikho,UCROAQa7KC82eUkiCDPCqv5g
47,Programming Cradle,UCDW48YM19iwgdkChPFGz36g
48,prasertcbs,UCl4w_st9XiRHqWhnanGjIGg
49,Pradumn Kumar,UC8kPffNEoABhETu1a-Ebu6A
50,Naresh i Technologies,UC4o8Fdpv3g_AjgShAeivqpA
51,Saravanan Subramanian,UCL8On3Vz8LiUK-x1iO5I3aQ
52,Inserm,UCIqFi2jwZI4TIs1hNZz18Mw
53,Derek Banas,UCwRXb5dUK4cvsHbx-rGzSgw
54,KongRuksiam Official,UCQ1r_4x-P-fETLIU4pqf98w
55,Gate Smashers,UCJihyK0A38SZ6SdJirEdIOw
56,Durga Software Solutions,UCbjozK_PYCTLEluFlrJ8UZg
57,Enamul Haque - Digital Deep Dive,UC4Z_sGrzfp0ieHEDCcvXm2g
58,RStudio,UC3xfbCMLCw1Hh4dWop3XtHg
59,Keith Galli,UCq6XkhO5SZ66N04IcPbqNcw
61,Roman Brovko,UCiwYG9Bnxfaipnp5ckCSlQw
62,Learnbay,UC-ntE_GnjjiUuKYqih9ENYA
63,5 Minutes Engineering,UCyHta2dyCTkf29AB67AYn7A
64,ŸÖÿπÿ™ÿ≤ ÿ≥ÿπÿØ | Motaz Saad,UCO1v5hykJ77f0KuQORM9vig
65,Avery Smith - Data Career Jumpstart,UCuyfszBAd3gUt9vAbC1dfqA
67,Mega Bagus Herlambang,UCl1pTA9Td9skCcznyLoTdZA
68,Data Science Dojo,UCzL_0nIe8B4-7ShhVPfJkgw
69,Microsoft Developer,UCsMica-v34Irf9KVTh6xx-g
70,Intellipaat Achievers,UCuKWUhexgd35Sdn9JXb3y1Q
71,Romi Satria Wahono,UC5doOVYHCFxZmNVLh2h8ezg
73,Great Learning,UCObs0kLIrDjX2LLSybqNaEA
74,RR ITEC,UC_iBvyQAZQjSJvUerbL3zOQ
75,KNIMETV,UCRbKmV_XYB7C12SPBokLVHQ
76,T√ºbingen Machine Learning,UCupmCsCA5CFXmm31PkUhEbA
77,Tirendaz Akademi,UCzH73XJRgK2EQ7COnG8DkyA
78,Hans Schenker,UCYlW9EuQnlNRtEYqVtpfbDw
80,Bill Franks,UCaos6n35_9v_Psw9lBqSRqQ
81,Data Science Festival,UCB02fDSj9GR4rhb1APMNclw
82,MIT OpenCourseWare,UCEBb1b_L6zDS3xTUrIALZOw
85,TIBCO Products,UC_PJ8s4qxrPZNHP0m_O80vw
86,Prabhakaran s,UC1ngG3UMdIYPdqyzaQJIwHg
87,Better Data Science,UCzwWYDA9IuJ7iFrvbZsvRwQ
88,ARTE,UCwI-JbGNsojunnHbFAc0M4Q
91,Simplilearn,UCsvqVGtbbyHaMoevxPAq9Fg
92,Greg Hogg,UCJublDh2UsiIKsAE1553miw
93,edureka!,UCkw4JCwteGrDHIsyIIKo4tQ
94,Data Science,UCHxRt1sueuXyJP3bvOayMqg
95,Zeeshan Usmani,UCllefjGak7WtAV3sVcRy9xQ
96,GeoDa Software,UCzvhOfSmJpRsFRF2Pgrv-Wg
97,Neo4j,UCvze3hU6OZBkB1vkhH2lH9Q
99,Nguyen Ha DS,UCeN2R85l5v4ZkySBc2uTKyg
100,Medallion Data Science,UCxladMszXan-jfgzyeIMyvw
101,Jheronimus Academy of Data Science,UCvH-6IAoygZhNezwy2o96vA
102,Everyday Data Science,UColtS35pWaswSV634-n-H3A
103,STUDY MART,UCH6wiF1uC7PhuV_UIR_28AA
104,Data Science Academy,UCyoi9yYaQRQ2F34wDLosr2A
105,DATA SCIENCE LOVERS,UCwk47V1XafOrw83d_vwwGhg
108,Data Science Simplified,UCNMawpMow-lW5d2svGhOEbw
109,Stanford,UC-EnprmCZ3OXyAoG7vjVNCA
110,DataScience RoadMap,UCAEgip72UcvYwjcqzcJ1I2g
111,Datascience Concepts,UCtjldWnIlGpeTuqcniM9jSQ
112,Chai Time Data Science,UCRjtBP-o5FbgRzX2BHQEFtQ
113,ARTEde,UCLLibJTCy3sXjHLVaDimnpQ
114,UWaterloo Data Science,UCknY88pglf2xz_S72WHIDxg
115,Project Data Science,UCM7_uh02Xqv4PFKbyIasP4g
116,Hertie School Data Science Lab,UCfqX9h4wkDzXQIdfcrpLBMQ
117,BGUonline,UCYFtXv4sVvXV55IX01sKKJQ
118,yuzaR Data Science,UCcGXGFClRdnrwXsPHi7P4ZA
119,Sundas Khalid,UCteRPiisgIoHtMgqHegpWAQ
121,Data Science Career Coach,UCcLYXkT37EAs0Ocn1WZ2OxQ
122,The Data Scientist Show - Daliana Liu,UCa0RTSXWyZdh7IciV9r-3ow
123,Mr Fugu Data Science,UCbni-TDI-Ub8VlGaP8HLTNw
124,Data Interview Pro,UCAWsBMQY4KSuOuGODki-l7A
125,Data Science for Everyone,UCk13_EXljNVOEQTAbaJo8zA
126,Data Science Discovery,UCENZdgI5QqhRjo4VeAseUhA
128,Data Science Portugal,UCHh0Dt0uUKKJtdBvgGJB66A
129,The Morpheus Tutorials,UCLGY6_j7kZfA1dmmjR1J_7w
130,Data Science with Partha,UC9TEQJ6XTQguuQzjb9cK1vg
131,Data & Science with Glen Wright Colopy,UCkEz2tDR5K6AjlKw-JrV57w
132,ExploreAI Academy,UCaHBnY0vcGeVRi35JeABNuA
133,Data Science Institute,UC2DZR6PvG3hEdFuKI1n29Cg
134,BHF Data Science Centre,UCvpInOwkV-Di0Kt6HwizbDw
135,Super Data Science Podcast with Jon Krohn,UCMbtqTGdSsxYYhhTpV4lSTQ
136,DataScience FEM,UC1TcfNUIWwzY49ivkxi7wmg
137,Data Science Guy,UCPJXxmrw1NRmOwdZtLM694g
139,Szymon,UCF-9Q4sQOeW3roS_YlizC8g
140,Bevan Smith Data Science,UCLWxzh4RUifJJqAL_WRzpzw
141,Life of a Data Scientist,UC4RY5nIFI5zD-EbRF1xqpGw
142,UVA School of Data Science,UC4bIrRImqGd4Ye_KqLpLPeQ
144,Data Science For All,UCsh_olkwDzYfBOpvXvEy6lg
145,DATA SCIENCE IN TAMIL,UCTCMjShTpZg96cXloCO9q1w
146,Art of Data Science,UC31nn91mSmS3MEokVhwmQwg
147,Data Science Society,UC5Uikv2NXsZ4ZEWOGyW__3A
148,Data Science Era,UCXuBy568tWjh8HkDfmQ8PYQ
149,The Data Monk,UCGc-2PbLX8ZSby2GajcO0uw
150,Thu Vu data analytics,UCJQJAI7IjbLcpsjWdSzYz0Q
151,Data Academy,UC-vwOrbubp58mIm9GJeEi1w
152,NYU Data Science,UCjxoi1kA0twXJsVnIq2vMHA
153,MYANMAR DATA SCIENCE,UC0g9jkx4MwsojJfBt1MnWew
154,Data Science Central,UCNFhJ21AoZNp-CiPeuvl7mw
155,Data Guru (Data Science),UCNeF1FuCGYsBEUnOxCk9Jnw
156,Muhammed Essa,UC7OGxluGpaD5NHMNoKj33pw
157,Trilha Data Science - UNIP,UCEavMPoQKG8mKXdCg-P-mXw
158,Data Science Gurukul,UCKPmLadt_IHDQ0JPnX0eQQQ
159,Fahad Hussain,UCapJpINJKHzflWwCQ8Kse2g
160,Data Science Solutions,UC72TqRDC641fHrf_XjcQrZA
161,Total Data Science,UC7YlhTyLxk_B1ZcY8CUpCVQ
162,Colaberry School Of Data Science & Analytics,UCb23caPCK7xW8roOkr_iKRA
163,Data Science with Cyril,UChEUUJtEdKZXNjQ1kS09FgQ
165,Data Science Jay,UCcQx1UnmorvmSEZef4X7-6g
166,Data Science Philippines,UCUVbXR1BpEzeuoGp8bzOm3g
167,Unacademy Computer Science,UCFWCFYvqnAMT-jcCqTp_SlA
168,Data Science Salon,UCh-OliZQ5UhDS3LpfB0lk7w
169,Zero to Data Science,UCoqMuNeGPs8nhYefK20wOMg
170,UTxLab,UCwF9iGns10no6ZmZUtEce6g
171,CodeXplore,UCN03cDDMfrD6Iyxk20_dvmQ
172,Ghana Data Science Summit - IndabaX Ghana,UCQkTp8qQ3kh7xpXX9FDPKnw
174,Data Science Garage,UCLhx5RCmUl3cOti6vJq0DPA
175,Data Science ,UCCLmrYOW5jPEZHm142dgW4g
176,Dublin Data Science,UCkAyfZ4tAeO0j9dS-_yU7Gw
177,Data Science | Mit Mathe was bewegen,UCguZSc1FvmvrupHh2E5jnbQ
178,Data Science Academy‚Ñ¢,UCdINGxq7LOf9G3MaezZ1wxg
179,The Center of Applied Data Science,UCCCeiIgcGW7_q488GOEN-4w
180,Data Science and Software Engineering,UCrhMuVw3B1FaEb1GKl3aYZw
181,Data Science 4 Marketing & Business,UCuxQADM0M4SX1NDT6pZMmlg
182,Instituto Data Science Argentina,UCy45Wq2N_vLRcpoV0_vNoaA
183,Polo Club of Data Science,UCGpO97KWw6qb8BATR-AWb1g
184,Data Science Galaxy,UCjG3etyyDCW7vpzJ5szNOIQ
186,Data Science and Programming,UCGgOwcMzPdO4vd6fes2Eh2Q
187,Women in Data Science,UCbyzlQEnV1_MYM4Cbp_7eWg
188,Python Soldiers,UC5ugZocyB5pRFHeSSoMxxzg
189,Mathematics behind Data Science,UCPLe2eMlp38SNPKVeaFb9iw
190,Byte Size Data Science,UCC00OTwEMHA2jq50m4oJ95g
191,Columbia Data Science Institute,UC8LqgjK9f-iMHPN7rvBzVPA
192,CU Boulder Data Science,UCaUZ1BJM35vPZORTLx5wbSQ
193,Data Science Office Hours,UC5c7r0SlnNmPfqxEyni71FA
195,Data Guru - Simplified Data Science,UC-CHo48db1aZnvBM3G0nbQQ
196,Data Science Bioinformatics,UC8HVUWFcUhEGmt_flxUa_9g
197,Dutch Data Science Week,UCHk0pbargtkj528dfmHaHVw
199,UBC Master of Data Science,UCSJ_h9eR5xIu4fgL8ko-TEA
201,Data Science Tutorials,UCk5tiFqPvdjsl7yT4mmokmg
202,AI & DATA SCIENCE - ERLIN,UCJn9qockIqWvwXezjqxXhaA
203,Data Science Mentorship,UCkLm8ZhK1SbCUJDX7m4BUQw
206,Favrett | Data Science et Machine Learning,UC1QzLIFvIgEsNbOzRnxh-aA
207,Data Science Analytics,UCB2p-jaoolkv0h22m4I9l9Q
208,UofU Introduction to Data Science,UCKhqODtl1ZAgO6niYNFFGOA
209,taking knowledge,UCn-yeq4Hdm-SRh_qUyrajWQ
210,Muhammad Ali Mughal,UCIp6Gs5oDdxf9yVzA5G-Qvw
211,Data Science NPRU,UCkTCgpdKOKNBUHcEQMWtBbQ
212,Data Science with Charaf,UCH-KCa4tQxPIbnSqkXZ4_ow
213,UofU Data Science,UCDUS80bdunpmvWVPyFRPqFQ
214,Seja Um Data Scientist,UCar5Cr-pVz08GY_6I3RX9bA
215,UW MS in Data Science,UC1WrUz9nyozSBJCYJ9meB1w
216,Belajar Data Science DQLab,UCG6EAEw83Lh202HmV8yXeAw
217,Data Science Show,UCLSFrH7H3Memua6CV7bdVcQ
219,Data Mining und K√ºnstliche Intelligenz,UC3bfkU3knElEM7Lp64m6v-w
220,Data Science -  24SEVEN,UCGsrIRb_ALrmT2xnzGvrGjw
221,Wayfair Data Science,UCe2PjkQXqOuwkW1gw6Ameuw
223,MASTER 2 SISE DATA SCIENCE,UCo01KLTiDA7JPX0B-Yk6IFg
224,Conquer DataScience,UCCeaY00SkPBdB2IO4qvIoFg
225,NYC Data Science Academy,UCWElRq0YXcjo4YJD0TNPh5g
226,Synapse Data Science,UCluWMdcn8an5v9u3zYLlDcg
227,Data Science Diaries,UCMi2_TIHEVFWv7GBOtx6YnA
228,Data Science Garage,UCOEuOH6cY8yisodud25hb7w
229,Unidad de Data Science - UdeC,UC1Fb0WudCafIAzLjKsoXWrw
230,FPTU Data Science Club,UCZRh__foWK6edVle8gID2zw
231,Mostafa Abd El Haliem,UCszzqp_5ZhSgh1Ka9tId1iA
232,Becoming a Data Scientist,UCFVHt6gpzRxx8BsdSSYDjVQ
233,Fast Data Science Ltd,UCLPrDH7SoRT55F6i50xMg5g
235,DataTH - Data Science ‡∏ä‡∏¥‡∏•‡∏ä‡∏¥‡∏•,UC3tagfnPsb5QiJzx0iUGxwg
236,Prosper,UCnVdKqizkKHzre3JfwGVhfg
237,datascience@berkeley,UCmX1GEsooIaaaJPeuMRswcQ
238,Data Science for the Lazy,UC6TPFoJKM4jMCRZgaiJlq2g
239,Data Science Cyclist,UCtIwNyv9VE74AxUI07Z0B2w
240,Biodiversity Data Science,UCAxw75f8aIKi-ciS5PM_qmg
241,Data Science Foundation International,UCgURMi5Be6B6AOrgXuOnctQ
242,MeanThat & Authentic Data Science,UCbndT3Yjo72smFSSFuaFN2A
243,Harvard Data Science Initiative,UCl0IFA3-VcWOadMbNiUH2aw
246,Towards Data Science,UCuHZ1UYfHRqk3-5N5oc97Kw
247,Data Science,UCMrS1v0jxtItBVU1jCnilwA
248,Galvanize Data Science,UC65Th93eDb2iuD-9fZVnjFg
249,Data Science Earth,UCthTgF6OlUpvSG8kr7Z3-EQ
253,Vienna Data Science Group,UC6QK4pOaKBmPRwGCFLYklLA
254,LearningFuze Coding & Data Science Bootcamp,UCBGJCP4BqzTjmIf1gp3kbqg
255,Algoritma Data Science School,UCCix0G-RLoRTenSFEGrQILQ
256,Halƒ±cƒ±oƒülu Data Science Institute,UCEtfQBcNYHtB1QVieVvOCNQ
257,Data Science Monks,UC7Dm0JNdyAs3BI2ZLN5ZCxA
258,Data Science Dose,UCeoGIloarEOj-6sxFRdmVKQ
259,Session With Sumit,UCJxwkGYv5lz_m0vAsY6iQJA
260,PhiBITech,UC2gi8JwI9jJAZRFFr3uREAA
262,AppTweak: ASO Tool Driven By Data Science,UCZUg9QTOHBdasciePfwnwFg
263,Data Science Bond,UCE_LIY6ly83faUIo7dbyf8w
264,TechViz - The Data Science Guy,UCoz8NrwgL7U9535VNc0mRPA
265,Data Science Mastermind,UCIrdNQW-obGQakZ9kwvu14Q
266,Michigan Institute for Data Science,UCQJNvq6i65HPmYTw9pdfb6A
267,Matt on Data Science,UCtzmz6BfJqDx-8IHkh6ovwA
268,VoglData,UCYpvCSU8jUg79DlYKJnbC7A
269,Mantissa Data Science,UC-gp964K7jMIzSd2jBoWZCg
270,Data Science Learner,UCklbW9u8IweOMbUN_AuyWvw
271,Data Science Connect,UC-6zQaSCJKUTNaLKGZVn8zg
272,Dr. Data Science,UCq8JE4cOzY_CHy7f1PwbwwQ
273,Introduction to Data Analytics,UC6N-EsMNp9xVTj-ct008HIQ
274,Learn Data Science with Pranjal,UC9QtA7vgIigc1hy5ijQ6NEw
275,Crafting Data Science,UCLnoj_FRbFIuQGktkvUOXeA
276,Vanderbilt Data Science,UCJUwHSLYEkp8QyTL6Czm0ow
277,Swiss Data Science Center,UCyuJc6HtKnYY2B4n_Lg-bhA
278,Data Science Association,UCMn0HoBKOccGnyOCpp7HvFQ
279,Kyiv Data Science,UCt5CurpYHXJd22pm7my-yMA
280,Data Science for Healthcare Claims Data,UC_tA3l9J3ZhZxw4VAm16Lmw
281,Sagitto Data Science,UCOBBE2tg_5-Ijif-xitA7ew
282,"Division of Computing, Data Science, and Society",UCYosMoD6e3_RLZyFmMXB30w
283,Charles Jansen,UCv7sFaSX7L5AzQF6cHUfgVg
284,ƒ∞stanbul Data Science Academy,UCKEbjedTGvyNVb20Cgv9Cfg
285,LSSTC Data Science Fellowship,UC2GI4z22BohgRf0vHXrqA7g
286,Anastasia K,UCbWVgqVWcthADXHgxXJn1bA
287,Skillbox –ü—Ä–æ–≥—Ä–∞–º–º–∏—Ä–æ–≤–∞–Ω–∏–µ,UCHJZFCpwlXV7Sie1dV6pQLw
288,TIBCO Data Science,UCJmrgkK7Tc6od9KwZc3YJiw
289,Adriaan in Data Science,UCgySZx3rsciJZtICgF3LzPQ
290,Real Data Science,UCEN5A4KTR3Fb2s0WepVUkeQ
291,M√°ster Online en Big Data y Data Science - UNED,UCiyCEDBmLwh48XLZsNn7Uxg
292,Rutgers Data Science Club,UCzFkViUp49zxqFPcifTacrw
293,Belajar Data Science Mudah,UCSu1MKGdVX04a2meVd1rwbA
294,Data Science Theory,UC2gWrPPj8EFhEyKuWRk00QA
295,Technical Course,UCcHxuGmToNPOHEEBn6lRt5Q
296,Data Science Courses,UCKJNzy_GuvX3SAg3ipaGa8A
297,CARTO,UC8p3ZhwdRiGrjUdY6bigB3Q
298,Open Data Science,UCDS20hpBFiv_Kdp5Ibh0vew
299,WA Data Science Innovation Hub,UCR1U03vqGVB8gFTeuCk_Lqg
300,Data Science Africa,UCG_XDHclKZxP8MknQQYSw-g
301,√îmega Data Science,UC8I5vCEW-JN90WREUPUMYOQ
302,sentdex,UCfzlCWGWYyIQ0aLC5w48gBQ
303,ProjectPro - Data Science Projects,UCfuyYAtTG15_db2PRuaerZg
304,Warwick Data Science Society,UCIsrd9wsNF5blsacM7f6GqA
305,Data Science Devil's,UCLrwOn78HDNil7-HBzLJt-w
306,Thinking Machines Data Science,UCgpqpOMUfX_z0GHrHsoK9mw
307,Objectif Data Science | avec Vincent,UCY4IP9M6wPQZUuwwEwcq_8g
308,Foundations of Data Science,UCHxCgxeMzE3vkxVsqyudzdA
309,–ì–ª–µ–± –ú–∏—Ö–∞–π–ª–æ–≤,UClndvajuNPjUjFcKcg0X8OA
310,UChicago Data Science Institute,UCf_vMLzedhxTSvsUwVgpAgA
311,Caribou Data Science,UCEYlsdkxG4hY6c5-5d3gxCw
313,LSE Data Science Institute,UCF_eco5GKDJVjHY388kpwkA
314,xavecoding - prof. samuka,UCICVlpgW9gVd0UXbOALDFaQ
315,"TECHNOGEEKS - Data Science, Python, Hadoop, AWS, Selenium, ETL training Institute Pune",UCvr1SeiMwo0fyIU3Cu87ZuA
316,UvA Data Science,UCdUfTAZ0Q_3mnziJf3fo5Qw
317,Cloud and Data Science,UCiLPAqeX3BVO6pgpOwAPHhA
319,Data Science club VIT Bhopal,UC5pB8eW_kDoimQ5s4S7QgeA
320,Data Science at Home,UCS3-Fuwaty1mc8MH6vJTVTw
321,Jochen Kruppa,UC2xiDQc3vBk2UPJizRWrXeQ
322,Data Science Cafe,UC37zJCO9zHxt1vx-dnrIsjQ
323,Data Science & Machine Learning - MLMINDS,UCJI8JFi_4U5sl_rg26-B6oQ
324,Data Science Wizards,UCSIvV0n3Dcf1tUji1exYbGQ
325,Data Science Dream Job,UCr6_XCxMLXWGguWZi_93n7w
326,Women in Data Science (WiDS) Villach,UCYM7iu9dmt22aeBjQHdNM4Q
327,Data Science for Social Good PT,UCv_9d3U9IiNORl7q_FoIK_g
328,Learn Data Engineering,UCY8mzqqGwl5_bTpBY9qLMAA
329,London Clojurians,UC-pYfofTyvVDMwM4ttfFGqw
330,Florida Data Science for Social Good (FL-DSSG),UCcXKi-04zVU6g4UpeeNCA6Q
331,WQU Data Science Module,UCW5qH1I2RMA0CnJ0uo7OTvQ
332,"Online Learning SharePoint online , Data Science",UCCVGHzydkUkcrwMjdxsoouQ
333,Vancouver Women in Data Science,UCRLazM0-4DRSTN4an4gv6ZA
334,Carolina Analytics & Data Science,UCO44Yjhjuo5-TLUCAaP0-cQ
335,Data Science UA,UCtMLt48fRjCqiUvKemsDzMw
336,Data science colloquium CFM-ENS,UCAhx5LLlJDi8pTLI2EICKjQ
337,codebasics Hindi,UCTmFBhuhMibVoSfYom1uXEg
338,Open Data Science Initiative,UCUjuEqUQbTrJ11f8nkWltQQ
339,Data Science TV,UC0FfG3bn67bLRBsld6IjXRg
340,Uprising in DataScience,UCIW5oGyAJ6rwo91BDacDqlg
341,Mario Filho,UCIFd_i2iwYox1PPm9rD8wFA
342,Metis Data Science Training,UCpbU53RP134D9qy9GzKBAXA
343,Academic Data Science Alliance,UCd1rcIFUbpF8E907xK62cfQ
344,Data Science Center,UC8GVW7XtwXCHeztZb_MYHbg
345,jonathanwreed,UC9OUJZE2oIwa6rqWSqYoXKw
346,Indian AI Production,UCNzs7V6xG5GO0i_i6Grojyw
348,Data Science Bits,UCRfjUTMaWq85GKqNKa0js6A
349,dfcidatascience,UCGujjX38v6lGOHBEwkPhT_g
351,Data Science for Social Good,UCAcKfCrYIGA3MBjdZIy63ng
354,The Data Science Channel,UCkp0ctv0vCNfh7i7D9GnHhw
355,Learn Data Science with BIET,UCzX-eYwCOHBBxRdu0W58hXg
356,Learn Data Science,UCJhW_16uxALr0X4olEW2p5A
359,Data Science TV,UCaIVkwxOJWzduge0zIp0viQ
361,DATA SCIENCE PROJECT,UC7ZZuAjLHq5RYXtA6Ccm1EQ
362,Frankfurt Data Science,UC69KcsyQvkqcyDsY1xcU7MQ
363,IU Data Science,UC_OR_L6rgJI20QjSWRLBvWA
364,Community Data Science Collective,UCp30xPnzVktEvwEMW6h2eTA
366,Maglytic - Data Science Simplified!,UC1BKeQl3PtqJij-DohJ6JhQ
367,TECHNICAL ASSOCIATION OF DATA SCIENCE-IARE,UCtqdmIEZGMAT3ppXAK-lihw
368,SJC Data Science Trichy,UCQxIgf4aoOxnS30jW3TbIvA
369,Tech86,UCxh6CMevp43uGD8n4QqbDpQ
370,The High ROI Data Scientist,UCkYooZtwK_RJAd9SdL1jfeA
371,Codanics,UCmNXJXWONLNF6bdftGY0Otw
372,Toulouse Data Science,UC_dWVY1oW1RHEpVci2eW-2A
373,Saima Data Science,UCpfpcC77JZ5aNa0_PcHi-JQ
374,Liga de Data Science UNICAMP,UCjDNyveZuHcM6ywy9alwzGg
375,Parag Dhawan,UCFqeqjMPuWyP2lmJx7JIX_w
376,Data Science and AI for Beginners and Kids,UCeibmp6E1k5Eqwwt_nQL87g
377,Shilpa Banerjee,UCXkjl-2zfhw3R6nv9pzctTA
378,learn with AK,UC_C6LlUcicrD0O5dwXHS3Jw
379,Data Science with Morteza,UCFJVz0N2GDpQM8euE-xkKHQ
380,code_your_own_AI,UCfOvNb3xj28SNqPQ_JIbumg
381,Data Science,UCYxBKzSYTal4BJaEZKKYwEQ
384,HaloTech Academy,UC3abfTxNmYKy0U5HfOSL9Zw
387,Introduction to Data Science,UCgpvzMJe9d6_JtpiHeYhjZg
389,Ita√∫,UC0yw39DOcCOwyUj2uY8vbuA
390,Z√ºrich Machine Learning and Data Science Meetup,UCEjoVUeRe7AmWBrjmeS1VQg
393,Easy Data Science,UCiuoyvVKtsyDyM8N3-JPPPw
394,PASS Data Science Virtual Group,UCqB3xWdwjA9soFV6EOu7qfg
397,HACKTIV8,UCyTOwW6s6zmGGFGmLDkfp2w
398,Data Science,UCpP2EVfi3O2eZgGGgpTegtA
399,Data Science for All,UCo-3_hRV1Zk2dyvcIReeyKg
400,Berkeley Institute for Data Science (BIDS),UCBBd3JxQl455JkWBeulc-9w
401,Simply Data Science,UCALaUVZALq2rLaJDzu_Geiw
402,Data Science by Hadi,UCuUos05DqrTKOsyVfew6BPw
403,R_Py Data Science,UCpHd6O1Yqz4YgcYUBfyRqKg
404,UM Data Science Lab,UCuao6owUe0VOQw0CCw94xQg
409,Alex The Analyst,UC7cs8q-gJRlGwj4A8OmCmXg
411,Automation & Data Science,UCOGLG_-uQco3Z7YGXtbEbEg
413,Escola Data Science ,UC8qxe76RoMFd1AF456GUglQ
420,Stack,UCZ8gRCp3vixlGVAtplCDd5Q
421,Caribbean Data Science,UCrYyWKKNcrabk02nK-WyGsg
428,Data Science Milan,UCs2qF9vC15HL5vQMGhOQZdQ
438,Data Science with Raghav,UC86OgfmVfguW69_0uIEffVQ
439,DASH: Data Science Center in Health,UCwXMKrGJ6LZfsLlypI_d72A
440,ËøêÁ≠πORÂ∏∑ÂπÑ(Operation Research China Society),UCytqifJRR_OCOkpq-FYO3YA
441,Data Science Basics,UCgp6nN1scpqtVk68EKCPooA
442,Data Science,UCoEfiAnpSCy6lmJpM_Jkb0w
444,REU Data Science Club,UC19qdYDoI6eHG1apGbaF4EA
445,Data Science Coach,UC3bjbWYK7S_FLW0y0Ux4tyQ
446,Lyon Data Science,UC4NLKb2EhK3JTT45lUbqfHQ
447,UBC's Data Science & Health Cluster,UC7_D0xw6zP_1nu29sUlGQIA
448,Rocketing Data Science,UCUIBKDoSSwehuDK4jk1CjFQ
449,NHL Stenden Computer Vision & Data Science,UCiY2OYO5uETH_be66cKYeag
450,HVL Data Science,UCXIeJjgRJXsBP9ynWToAPsw
451,Man of Data Science,UCPzFrf4rrSOQ98n1QzkdKSA
452,UoM Institute for Data Science & AI,UCao3uVR6s_MaSXkdqLVq7ww
453,emma,UCDukp6v2za1I_8IrOaNlJuw
454,"Institute of Data Science (IDS), NUS",UCY-AZ_4eFcbOgCB4dSQfLlA
455,Data science Community,UCETGt7VbsefoBnlrjdoZmDQ
456,Data Science Institute,UCGpXZDA-OSuoj2knIQdq-zA
457,Data Science Quest,UC4O7eNLXGbpiCEr5VQFHrpQ
458,Data Science Kazakhstan,UC5oQndVv2yGbMc6ew6j-0Vg
459,LU - Data Science Institute,UCbIaCnw5ulNQqLdA4CVZq1Q
460,–ê–Ω–¥—Ä–µ–π Data Science –ö–∞–Ω–∞—à–æ–≤,UCnFoc_fRVuHzXXTO34d5vXg
461,Sun Devil Data Science,UChELZn8UwqMXVfut6bv0T4A
462,Shashank Kalanithi,UCvZnwzmc3m1Eush-Or8Z6DA
463,Discovery with Data Science,UChvWQJuAeIs6_v5AeJA39gA
464,DC Data Science,UCjoq9T1wspFWtrsYRPFLskw
465,B4DS - Business Engineering for Data Science,UCTfw0A9lR-v7vLuULkPyPpw
466,Notre Dame Data Science,UCzxA8kvU5n6HwNmXGbdsqug
467,David Robinson,UCeiiqmVK07qhY-wvg3IZiZQ
468,Harpreet Sahota | The Artists of Data Science,UCaToJX3gtTgnT7WNrrbtbqg
469,Data Science with Yan,UCf3hRwWWz-2HxdMdwOWVpow
470,Women in Data Science Regional,UCHGAwygtFWAonSYfjeUv0iA
471,Data Science Rush,UCC1I4KoxkaXtsTSecYIidGA
472,Data Science on the Fly,UCEC76IN7pH9rl5pkxFkr7cw
473,mlgorithm Data Science,UCpSoP3Y6aZxFUvvpwvjDReg
474,Mr Data Science,UCHQeKhLl99Ho6EF0MNZozWQ
475,Data Science Partners,UCIbg6eHZY1UI2u5AFe3uqnA
476,Data Science Tutorials,UCH15dz_euC9vs75L6jW9pUg
477,Analytics Vidhya,UCH6gDteHtH4hg3o2343iObA
478,Naveen Reddy,UCv9hnyDv4uSJPXZvLCbhhBA
479,Bioinformatics: Data Science for Biology,UCx3QJc2DZSo-mny8UERmywg
480,Learn Data Science,UCGBfiCUQZHY5wnnVnQzV7pw
481,Master of Science in Data Science SWU,UC7it0k4kHdEGHERkDV2GQ-g
482,Python for data science by Yakub,UCAuZ5lFOQiw3-VCwdFkx64g
483,Intro Data Science,UCCl4jJKKsTy-ZDvh69Y7UDQ
484,"Jeremy Yang - Data science, etc.",UCZAnpteBkuVUtm4FaYDheog
485,Data Science Today,UCbLakoBIId-QkAK3WsME0Ng
486,Le Wagon LATAM,UCR5C1X1xM6EUtvypOs7Xraw
487,Data Science Academy,UC1oYhdMunv5IxdPGEBoVPGw
488,Data Science Br,UCcnHV193N3yMDcO2Yc2q7-A
489,JKU Visual Data Science Lab,UCH0ztMDNtQuIx0-ZWIavG0Q
490,The Foundations of Biomedical Data Science,UCKIDQOa0JcUd3K9C1TS7FLQ
491,Data Science Research Center,UCI_y3dyCT9ADCMY5otpcv1A
492,Data Science School,UCdcjBJmE7CnTMAD_zNHjmbw
493,University of Wisconsin Data Science Master's Degree,UCO-9uwoAtXv8Rsn5Y-WvTIw
494,Awesome Data Science,UCvuXAt015WbBePQzlPFWvSQ
495,iDash Szkolenia Data Science,UC2BOsSZvYHMlUvp-9X7q6gw
496,Data Science Graduate Shorts,UC8hvRy2H84Mekck267NdGEQ
497,Institute of Data Science at Maastricht University,UCMgGGMTGRUCA1YLXq3-FnVg
498,R Data Science School,UCg6kociUghEgKz_hLRKQrMQ
499,Data Science by yogi,UCZ1ZHjgLltUOsGH8agZh1wA
500,bits and bytes of Data Science,UCqA4sTVxYLU_FiPhF5B80qQ
501,ExcelR,UCF2_gALht1C1NsAm3fmFLsg
502,Learn Data Science,UCEu0zQIMxlLNqZQGxghPNog
503,Women in Data Science Auckland,UCEZy_7c5rXF1GqxhmOI-Dxg
504,Women in Data Science Athens Forum 2021,UCQz_T2BIZjZR7QVDzOAy0sQ
505,Data Science Explorer,UCGqFMXGaQsq0YvAeM9v_HxA
506,Data Science Dad,UCEbnyu9NdztMcOa5epgy2NQ
507,Data Science Classes,UCpu3gddrq054Axc3ww0FZAg
508,Desafio Data Science,UCD2HpuEh4WVRGTjHBvVYziQ
509,AUC Data Science Initiative,UCxLeafaLWeGxwJSWJC247jw
510,Data Science Sports,UC_CVwaiL_o0uL422Wt1LRPA
511,Data Science PJ,UCoOvPwADbmNJJp0jgGYc_OA
512,Data Science Univr,UCEg3--7ttg3PE_T_92pn9QA
513,Digital Skola,UC8lUGsyZgmVDf2cWyvFJwew
515,Data Science Conference,UC-yt9rh6xh9Ym0vtTIA105w
516,Data Science with Ehsan,UCV_h0TAY3IHRpXDo8dCa6CA
517,Pacmann AI,UC5oiB8wDG17W8XALdLjlFEw
518,"3RI Technologies - AWS, DevOps, Python,Data Science Online Training",UCQrYtU3mlW9rEy7YqDgXpuw
519,Africa Data Science Summit,UCc2xaLFRFyPjhMfcAsA7jOg
520,Studying Data Science(TEMPORARY CHANNEL),UCnRKhyhFHs7ANzMbb56ur5w
521,DataTalksClub ‚¨õ,UCDvErgK0j5ur3aLgn6U-LqQ
522,8FX,UCFoT07niFH8ikWT4qAFwo3A
523,krishna teja,UCrjkHBARim7H8fa0nT-gBuA
524,Digital Shaheer 92,UCyOw9oZ6Upf8yhjY1n2CeZg
525,Machine Learning Colombia,UC4BBy3YOBNJwlvD5c82pORA
526,dotnet full stack,UCMFsvurAN4jhtGwzia2a8Hw
527,pantechsolutions,UCzDbg392XuzwwWKdkpa41xg
528,Study Hacks,UCmVAM92fX1ag8-6V1lsvH_w
529,Data Science Hub,UCF5sgzpVHKI2tXWzJ3BqPaA
530,expert ai,UCGF6svv_-AgkWeJBRvC8dpg
531,Jedha Bootcamp,UC_eP8EL0XZYwmTf1_m1U6-Q
532,Python Bytes Podcast,UCK_eZkV9CYCxhdf9f0dEukA
533,Fachhochschule Graub√ºnden,UCBeTR6yZb_6rBHYrH60b1Lg
534,Computer Science With Hamza Ali ,UCqfA0YGl5jhe9JCvTPS33NQ
535,SYMSON,UCejHnTldZclP6jbqviXeDpg
536,Crecer con Datos | Kristianm,UCCOAEUA4zegpYfWemeiOtKQ
539,CloudxLab Official,UC8mJ6DL1Q32UWyJUceoO8Jw
540,Comet ML,UCmN63HKvfXSCS-UwVwmK8Hw
541,Pragmatic AI Labs,UCNDfiL0D1LUeKWAkRE1xO5Q
542,Coding Ninjas,UCZJlMUYdbtzQ8tVfLvK1KvQ
543,Gaurav Sen,UCRPMAqdtSgd0Ipeef7iFsKw
544,CareerFoundry,UCzAF54cHk1ZO82af-8E3qOQ
546,Intellipaat,UCCktnahuRFYIBtNnKT5IYyg
547,Meetz,UCXLxCSBgxrSMh-BWAig__Vg
548,STEAM TALENT¬Æ,UC5rm15vyKy7Vqf7XW3AMTzQ
549,San Francisco Bay ACM,UCkWtKo2KIRioGMysSeQC6gg
550,Pine Biotech,UC8OMvIKFetytMhCp3euKHDg
551,Pentester Academy TV,UChjC1q6Ami7W0E71TzPZELA
552,ACM SIGPLAN,UCwG9512Wm7jSS6Iqshz4Dpg
553,DrKBs Tutorials,UCa9RqYYthUDGEgBb5HzORpw
554,R Programming 101,UCfJyQ3P2k_SuqfxVdqIEQNw
555,Computer Science University,UCeDI6oCRtUPtYRu-ff33_rA
556,Techcanvass,UCDHsj-2kb_bGk_Dr3ktSSbg
557,DevExpress,UCtOjyugQSbxjQGuimGVsLVg
558,Study with Tina,UCI8JpGrDmtggrryhml8kFGw
559,Growth Tribe,UCj6owuAZrJNsjQzc2ZtILIw
560,AICamp,UCj09XsAWj-RF9kY4UvBJh_A
561,National Human Genome Research Institute,UCUp6Pd9fx8_UX7S38Ih_JqA
562,Suhayb,UCcahFtRVMggxWrnGQ2pYvqw
563,KR NETWORK CLOUD,UCuYH5V2Y5UvtU8zW0pgezig
564,Enterprise DNA,UCy2rBgj4M1tzK-urTZ28zcA
565,Shailendra Kumar,UCI08ZNHPfMZW3GfE0VtMJpg
566,"Shivaji Science College, Congress Nagar, Nagpur",UCGIV5WS_K1umY-SkpCzmQMg
567,High School Sports J014,UCeY9T5zqg4N6DDwSgZvIkLw
568,Geekle Official,UCT-RTQuSWLsJXytEy7Q7n4g
569,MCQs DATA Official,UCygGw_lR-5T9BWLNEonbLKg
570, Naik technology 2.0,UCYurO8pDKmjLt63aoHyJVzg
571,19_154-ALFINI NURIL INSANI,UCblFcvWB0FjiJxEs4woxhLw
572,Lets Learn,UCgE6Egd5YN9upOggd3fp-KQ
573,Daily Science Video,UC-Rb11znYsFACotCNgakxIw
574,Jakir Fakir,UCRbFU0oGVAUFH7nGT4q4ICg
575,14 High School Sports 41,UCDnvk1EFmSng_pRaEmPZgDA
1,Luke Barousse,UCLLw7jmFsvfIVaUFsLs8mlQ
5,Mikarsh Data Analyst,UCPYQ_ukwqU3dB_f05gXQtuA
8,Data Analyst KSA,UCnNyRbwNMbeeom-gGLIDQgg
9,Data Science & Analytics,UCmLNvYjw8R_ydUOdNXVK6DQ
10,Data Science Preparation Hub,UC0UPZrdARQxMufFATkfV67A
13,Data Science School,UCTkbP1KbfQQlt1sqHJ0GDbA
14,Tina Huang,UC2UXDak6o7rBm23k3Vv5dww
16,Data Analyst,UCr-eE8o5TjGm7I1gA8N4NIg
18,Data analyst,UC2374X8xGHHCmKgGYRlcdKQ
22,Data analyst,UCdBfiy8RFDRpXuNGpUv-5ig
24,Aditi Gupta,UCdq65x-0_G8sMhwWNgtmXaQ
25,David Data,UChgFPwS74s62ymGX_1usMSA
26,Data & Analytics,UC9uEwG25Q7qlRCcpMVJv0NA
27,Data 360 YP,UCqtValEjW3-Mar0sqiWO_Hw
29,Ali Ahmad,UCaDh-eU-lds_d9kS976vBVw
30,Data Analyst,UCVHAYGXptVYD_1hXgdmohvQ
31,Sports Data Analyst,UChA5fOAfX904l8Vlt2N6tlQ
32,Ambeone Institute of Data Science and AI,UCoL5JU3DmITRNWVCsVti8kw
33,Learn Data Science Technologies,UCDYh3SWuUnHcgEWP7ThXgiA
34,Data Analyst,UCqRNhukhtRzqAKLi4PU7noQ
35,L'Atelier Data,UCU4WWGf9QzTH9UjgKg9PN0Q
36,Bhargavi - Data Analyst,UCto9iONQdirtQUlfYeUyknw
37,Data Analyst Mentor,UCVipKAIO1dIzlVNHJmKcWaQ
38,Storytelling by Data ,UC-TXcMOtjJVhDgo5C7pP7pw
39,Ngomongin Data Science dan AI,UCnY0fUM0HSvbckPwPpIXmTA
40,Data Scientist,UCoaCkgU8qvF2Yb6T6B4uz4w
41,Sam The Data Analyst,UCVD2F7dYFKzRJTRz1OGhDPQ
43,Esteka-Data,UCWRptY1HAsf1l_SH-8iaa4A
44,Data Driven Thinking,UCpmwW_X4F9-ZcOTx10WFhjw
46,Practicum: Coding bootcamps,UCCIwsFWZNuugtW1U2X89t7A
48,Data Analyst Empire,UC9_GZ8jKR8hCorVJGMt0A2A
49,Data Analyst,UCYxXdWRktQmnpoW9M6LS8GA
51,FORMASYS,UCiDy_8ig36GuMQ1FCYIv_6w
53,1Bfreeedu,UCasRCDBhvaYQeb_W11G7U6w
54,Artefact,UCkTs8Ci3jJJJNNhLpTK7kHg
56,Michele Moneywell,UCuTd65SswZXvTcLkp094diQ
57,DataGarage,UCwAsnLbyt87_TeGAKOkbm2w
58,Khan Academy,UC4a-Gbdw7vOaccHmFo40b9g
60,M. A.,UCSEDSajvNn0iRSOBCVsJxKg
61,surender971,UCati29Vkq1c32VMYnPmImjA
63,satish thota,UCJO3xt7Gt9hj2LN608gWo7Q
65,Thao Do,UCydE4TnsS9Vip4fq5wljUiQ
66,Fireblaze AI School,UCNkAGVBOPD2427gKGgsPcfw
68,Mooc Cyu,UC9P2sNje-yXU21VM26RJvNA
69,KarachiDotAI,UCizkHmG3886c5tAtsi4Ip9Q
71,Preeti Sondhi,UCE5MkQ1WJirFaNAKe01ncQQ
72,Raj 96,UCn6dBXoHi757V9kl9wIvq6A
73,Chandoo,UC8uU_wruBMHeeRma49dtZKA
75,Stephen Wieschhaus,UCkIrZ_fWD5XEDfYQnCOKX_g
76,osama elzorkany,UCT7TGUX4mC2jtP1SNe3mJsA
77,Rene Reynaldo,UCrQSsRysnCkRgCmQdQWd-tA
78,Machine Learnia,UCmpptkXu8iIFe6kfDK5o7VQ
79,Antonio Castaneda,UCwqXCee_nt1Ij5rjQKKgD9w
81,Vikas Jha,UCAU_OnGDBmXqCYVfF4ZMfSQ
82,Matt Brattin,UC6peudLHxLH3F1lPsiSOy-w
83,Maria Paula Kugler,UCZpbhmHY_b54FXd_Oiwx1dg
84,J.A DATATECH CONSULTING,UCpd56FfjlkKbkHlbgY6XE3w
85,Profis tem,UCwfayuXKjKgj_gHvc1A0XOQ
86,Emanuel Flores,UCxu5MXxu5OyeXUNdmno5R_A
88,Yaya Koita,UCjETmlTR2WT3_cw7EjqTVKQ
89,seemant ranjan,UCUzTPnzNGBxIF6BYs4MYDjw
90,Mohammed Tayseer,UC-fdXuwF6P93DwErx3phNSA
91,Parrisite,UCxMpywrRcd5ZI9YKpx-aQcQ
93,Ann Mackend,UCAo_K8DMq-QZc8al7UQi5PQ
94,Immi Tai,UCB1xhG4hPZ9ssHrGJep-Uwg
98,Ashish Kumar Jha,UChrB44bqZnQ27QJWiJqSemQ
99,abhay maurya,UCecnlaUFIVEZXLotbkeViyg
102,Diogo G.,UCJyBTauAYJojKiESz8GYt-w
103,jcl322,UCazYhOY66OWOP516MKmsWDA
104,Yuri Da Silva,UC_IAKNdjRkPDM8gWou0oX0w
106,Wayne Cheong,UCcHR_I9ZBHtptZWY50hZItA
107,Data Analyst,UCewpdIWOiedpGfcyHxvNbtw
108,Amrutha V.P,UCXYDHOcAUqaR0qyboSnYNxQ
110,Packt Video,UC3VydBGBl132baPCLeDspMQ
111,cyber school,UCxmoqm-mAVVXXcOKDG6OpNQ
112,Himanshi J,UCSoswFOM8JgEM95MJpH_r0w
114,Shafiqul Islam Tuhin,UC7uGRxTkYqxKNA7r2S_uIQA
117,kapten shawn,UC2yG_Qfod20aFRqAvbJ2wHA
118,SARNENDU PRADHAN,UC2ebNA29oAVueutF1Z0VVDg
119,Ebbs Martey,UCaTc-5o_nptygqsr3ttztgQ
121,Jayed Hussain,UCiPhD0bc5krFn4OKeNoPITQ
122,Sulav Shrestha,UCfH1BHAFldghBCuqX1O4qEQ
123,BitTigerÂÆòÊñπÈ¢ëÈÅì BitTiger Official Channel,UCrTVwxlwmn2CJINfuaiLB1Q
124,Becky Pang - Data Analyst Ê±ÇËÅåÂíåËÅåÂú∫ÊîªÁï•,UCAGQgOvJbfVT5Bz_6GXHt4Q
125,Jorge Romero,UC4Apf_qvb1ud1qSs8xM56BA
127,Artyom Nedelko,UCEfsm0J_ypfXxDDLvHTl2xA
128,aiQuest Intelligence,UC0zE2Xmvmv2W0PDWqCEyCQw
129,Farris Qureshi,UCd9cYKp_W_9LwAxu64w-rDQ
131,Sasi Dhar,UC0hXD2EBIyBZZ5SxvNgDcXg
132,keshav aggarwal,UCyjQ0BecqLUAo46vSIIf5bQ
133,Nick Thomaidis,UCemhL-_dp8pIX8v98U4xPJA
134,Viral Host Media,UCP7AeIzfflj4Snv_v0aRZQw
136,Clei and,UCr3I7JflCT4QvtijSeooqug
137,swirlcrop,UCWVRgdp5Qiz_wOZLWMjcBAw
138,Abdelsattar Amin,UCSlOzYWypZr8QE1gRPtkUmg
139,Abhishek Verma,UCsokDQw32MNZu7CQ77wOmdQ
140,Karim Wahba,UCAsDLK8HCpkkssPtqeIP_zQ
141,Wilmer Torres,UCiroGJMIr7-fAJMLpWJYY9g
143,shipra shetty,UCPLZdNyZAxMEL5Ddd93q-Eg
144,Gauri Todkari,UCp3XDGzVjRU_zfdkDM2FjIg
146,Fauzi Arda,UCLlQyoA3phIu7byAQ55mYfw
148,Krish Naik Hindi,UCjWY5hREA6FFYrthD0rZNIw
149,M Nurul Muttaqin,UCO8fQXqBnYXFSjWov7WBPHw
150,Abdul Ali,UCAkxh_d_JrYPsspcaZ3qTMA
151,INDUSTRY CONNECT,UCDlfBlRZDPjyrKZU9FJQIUQ
152,Arkham Knight,UC6V416I6cw1m3pKtRRhv5QQ
153,Teria Agee,UC0sg5DEbjCz3RsMzPHieYYQ
154,M A,UCSiWFTFX39VxCPzu65vepxA
156,Andy xiong,UCgRBKXoNNHrQUkXYr3ezTfA
158,Hnin Ei Wai Lwin,UCp3wh9_L4J0aSsHSJRcvtkQ
159,Artem Serov,UCizQAdfA7XHUmXM_Ki2xwDQ
160,Abhi Surana,UCcKnooH5bmyLJZEwMbWqnvg
161,Th·∫Øng Nguy·ªÖn,UCR2q_vJm_xKFCrSteZuuX0w
162,Eren,UCrAIWSO6HuzYJe5mqNwmIeQ
164,3 sisters,UCXbLQCqUJ5VyzpqQ-SKkEyw
166,Experfy,UCBO6cmewmk-FnEp3T8LxJMA
168,Nanini Mzamane,UCmyzKT_4dZov_Gb5pBmuhsQ
169,Tyger in Data Analyst,UCW03TgE6kO7SX43sxc0EaWA
170,getvids123,UC-oqbsCFmoV2Dep0VdDzt1g
171,DataLyfe,UCuagyOmcBIkvbdc4nr2SHwA
172,Sarah Gilliard,UCu5aaBZDtnRYgNdE2Dyl2QA
173,Maxwellrpg,UCkwHtyOnlSHLmltFTXT7yZg
174,ags911,UCRfbpIzAKpb9-fP9csN1ASw
175,rohit roy,UCryEcwBTz-8eykAQQ3Du65Q
177,Shaka Nice,UCg-P8vyXecX6LJQSJarWXFA
178,Ita Kristiana,UC5eQFATj5Ur9OGK_nx_ZQGQ
179,TECH HUSTLE CULTURE,UCmpitZrU_yN6UfW7DROCc0Q
180,Ajay Govekar,UCa4Wp4-rL--ktNVyjCzyo7Q
182,joyal saju,UCa4SKi4a0fMB-htRSIBtc2Q
183,Alireza Nouri,UCWBSl2e6c2C219jca1JJs-w
184,fintelics,UCdmjjwVdTOJWb6WgE7XIFww
185,satyam kachhap,UCOYOa3cEHEhmGH_e1p0eVsg
187,daniel too,UCZ_VAkiBbH9IoyNeHK_wnIQ
188,Estio Innovation & Development,UCSqt8kvNee_1NLMwXnmIUuQ
189,Kyle Lei,UCnHlCliGzZna47Xu_I1g02g
190,Nuno Ribeiro,UCaYb3VINVNo65ZgGehpJIZQ
191,Yassir El,UCf88Z0DZOEIztrMB5c5zFSw
192,Tal Seehra - Education,UCMhNUmiIVXl7_vDyy8xFIUA
193,Yeomens Yobs,UCsBZoSb25JEuzZgp9QjRlSw
194,Ivo Castro,UC9vnK-sdes5t4J-cfLNsnHA
195,Jackie,UCI3UE1549CL7UZGvSBef4RA
196,Matthew Mccreight,UC5VBMzJJXrA9rlNoXpBTU5w
197,S P,UC5AAiQEIvoH2NiMmvfJT5iw
198,Hedwig 89,UC8dD_7nY33DO-kNYUchZaPg
199,mahesh joshi,UCwuzwIIUF5QuHyxTA8SY49g
201,Srushti,UCbMRjQUw3DIT8dCSqb7cUsA
203,Vselena,UCCgTYgIPD9pvOwN-TCYRTIA
204,Kalpana's Creation,UCPnF40G2jQExH2gIDrit0Qw
205,Wang nina,UCtHZ-a3h-AnV7rVpvDfLIcw
206,j lang,UCevDhHcVyDOBGlTJeN8QmuA
208,Learning by Sharing,UCyQnTWOe2LKVTObihrzJBAg
209,viJai Singh,UCd_xOJCRfQz_qmDWiqzJssw
213,Joelin Sinegal,UCuLmw_SLiJFbTvdIqvr_SGA
214,kumar shubham,UCPbg5yeGs2-Q6eKntltT4OQ
215,Colin Magill,UCpUgz61bKhfR9618Rnq5wOw
217,–†—É—Å–ª–∞–Ω –û—Å–º–∞–Ω–±–µ–∫–æ–≤,UCmwqisFDPXg334pSwAKYoTQ
218,Saida Sheikh Ahmed,UCazU6c1_pNopx6lh3XyHR7Q
219,Shelza Sharma,UCJm9N5d-gdR1qYC8c0Mhspg
220,MZH,UCtHUxYXQ6cQ1hY-xZakI5bQ
221,Hamza Nisar,UCsKnsMQqhJBNaGq7Jlym1dQ
222,impervious ajita,UCyxbldiYFAvv27RsPCjZAsA
223,kalpataru7165,UClT2TjFY16Zp9vs6QAM6tUQ
224,DecentR,UCFl_HpEElh6ZZ93OiC2A2rw
225,Pankaj Kalsarpe,UCfza1pOHsQEm6wUEjB6tshQ
226,Laureano Nisenbaum,UC9bdASZIVvM4rDRBSO5IRUg
227,Sandipkumar Upadhyay,UCRy84VkGyf2eFhSFI6DEr7g
228,Joachim Isaac,UC2wfC0JXXWfJ13Fk0Y_CNJw
229,nishitha cr,UC2Ozsso9s9Htq00OE8fkpYw
230,Aditya Rana,UC9ToNMcGQXf9J7Ew6UnvpfA
231,aditya wagh,UCGnE0w8Pzfg4zlk1snwByoA
232,Stefany Del Villar,UCbs6YbbQ_hxJK0Y71WEqXeg
233,Fahil Ejaz,UCbftdODo3SN0tVD2vA_FhAQ
234,ShaikSameer24,UCM9-lE2DayJLsSFqYaPeE0A
236,Thinking Neuron,UCqb03ZB4sRDvcT7O7DTI_Sg
238,Kunwar Rawat,UCKGXB1M7buFlJmYU99TJZfw
240,Preeti Shukla,UCIyW5U7oeTptI-es7lS3e_Q
241,sathish kumar,UCNLYJlUspSkRjn2a1tEdfuw
243,Kay Jang,UCmP7pqdtCvqF9LCTB_K1c6w
244,Shahnaaz Begum,UCQrSGPkgKmM7J1ssENWcyjQ
245,Nimsarrr,UCDyMd50shJluW2YUjUPsQLw
246,Transition to Data Analyst,UCjH9z1AXXV4yjLeAL6Ixt4g
247,sumedh jaiswal,UCd6mXnLWD0OWliG0kG_AUzA
248,Ashwin Goyal,UC7a-D9cDmHY0aNfkRk3RdmA
249,Arioneo,UCRDCezkQZjv3eXgl41OntQA
255,Tiago Sousa,UCh0033Nz4wqa28jwX5y5I-Q
256,Nancy Geng,UCD6h_SO44e4wOaycVhZwaiA
257,Ravinder Singh,UCRXKh43DY5IqFhVK6SwJeRw
258,Amy G,UCFM4oKNtCTRPvnpwWfYSgFg
259,Sid Rawat,UCxrtGXGTsVeOKHj9QR8RI-w
260,Trang Nguy·ªÖn,UCexIx_xYY-oSwqPZhZ38dmA
261,facho facho,UCtPHNTeNQHRuZc-fQEQ-Kmw
262,Ben Etzold,UCQ7fo6Wx4ctOmaAglC6c8Ag
264,Pijus Dey,UCpxvQQXV76dvNCsrEATVqnA
265,anurag choudhary,UChcbvwkMb_CFvGvNdbeOHDQ
266,Mukunth Srinivas,UCbOfVWZ4dJ7SuV0_UK9xjuA
267,Klanjabrik -,UCoRJ6ee7QDYcicBMVO5bFnQ
268,Mamadou Ciss√©,UCn9IbPUgxZqfLn7d84V_FDA
269,Mani Bijesh,UCYyaxPx_t0H_p26_X70lbrQ
270,Ionut Caldararu,UCym_rbMZwui7qnlWvId7q3A
271,uday singh,UCrdAehA-k3FyihFuF00oq7g
272,Teresa Ramirez,UCy-E_IynhjcGM9v7PWHPvCQ
274,Nitin Bharti,UCKHB1IMUohPJbNIMNlE9g0w
275,Carl Henry D.R PIERROT,UCRFLuFER7v-dfEnsI6X47Yw
276,Jie Jenn,UCvVZ19DRSLIC2-RUOeWx8ug
277,Beda Prakash,UCI0oF1BidH-PkXHHk8G14QA
278,Mosope Coker,UCZTpe02XRRpBAT9TkgZ9Rjg
279,Angelina Frimpong,UC0HS0EUIgPVrqIbde-2f1GQ
280,abhishek singh,UCWq60OqMYl_ScdV1uehnA4w
281,Tyler Lathan,UCNOl3G3yfO0gIG6jwfzT8aw
282,Hongpeng Jin,UCQ1qKPSgGhydUEhAEB_Y_sQ
283,codenetra,UCot3k3ixKQ12frK0hp7afUA
285,Hey Silly,UC4ogWG7bq_W0H0d9yniS4CA
286,jagadeesh jayaseelan,UC9jfzi4NzYNl3Lrcr2bwwjg
287,moumita kar,UC9ukaoVPexXc1fo6-ah23vQ
288,Data Analyst Toolkit,UCvD_lrjSm-EJHEAyW7XjHGA
289,Axel Bond,UCq7Y_RIRVEa5pEpuuIj7E6Q
290,Skadoosh,UCzIw7XPsA5rW2awZU77y7RQ
291,Muttevi Gsvastava,UCZEuZVVsP6UBkCCipTxjFCQ
295,Burzin's Data Science and Business Analyst Channel,UCB_hfIBLZmvSBktXDv06acw
296,Data Specialist,UCbNSTTyIEctDrSF8BP5Iy6w
298,Pandu Sukma,UCqyFmCWCm3qNBmt087VkdXQ
299,career talk with Rahul,UCFgO079pcO6ovz_khzV2Mnw
300,Calvin Ryu,UCUTJ-Sk9wFUWqB0ILhmWW8g
301,Sanjay Subair,UCo-Xbhls2--2c6THAe-yvEQ
302,Alexander Gonzalez,UC79DOYVb4oMDYD1cx76OTdw
304,Monika Soni,UC3idfepP5ytDKdFYbRQfTig
306,Nicolas.C VOISIN,UCFLkg1G-f5BiAR42tQGkGaw
307,william james mabelin,UCXlCrW0p-xgAMFE7C7Gr7Rg
308,prajakta Bhaiye,UCXNugrqsKltPLHgvGHmuP4g
309,Data Science 360 Course,UCo-s-jfh8CLCgSXz4wOd7QQ
311,databit365,UCKQzGtHyju3fHyy3nyyXYUw
312,Zheng Zhang,UCSkKw_YrLmWly8ZPHTjrLxA
313,Avvari Kiran Mahesh,UCECoHjD8VPfODSPv9lueYTg
315,acpadgett,UCnaBMrxw5MxapR0VSo4KqWA
316,shivam malik,UC_aMGS26VuWt9MkLwhl4d6A
317,Adam Parks,UCquD48W24w5X1_5aZD629Tw
318,sajjad khalid,UCGbjW-4gB1uuaA6v0T74iLA
319,Kartika Ari Susanti,UCo1i3Q2B4m7W0zMV4zPRMSQ
320,daideep patel,UC8jQWiYJWL1jdhcHWWBTUdg
321,Mohammed ek,UCNxINVeC4oRfYCkEtCbzcWA
322,Josh Victorio,UC9hxMLAedOSYyGxmUWtX-Gg
323,Mohammad Fahim,UCabTpluyTdWNDW2WI_GVPYQ
324,eszkis,UCGuAggB-FOKl-4ozLY82n8g
325,Arzoo Singh,UCj-ypwGXPjc_2Nd6qsLLFOA
326,Christy Duval,UCGfLXpUrlua_5HzpB-d5k7Q
327,Umai Kakudo,UCqwcZzBKABj3Hv9P0Yu-KmA
328,DataScience ForBusiness,UCpNdaZYUS4OiIIBXLnggbCw
329,nivek_ cvr,UCXZFP9z-l2guwvGatcwhNYg
330,Maurice Bruns,UCKYoTV322blI7Fl71z2HO2g
331,Jinjin Wei,UCX1W-1EvwG3IuYIpQaaeEdg
333,Antonio Ivanovski,UCS1HVSY_b6HToI8L5OG3ipA
334,Boniface Mutua,UCXHt4wW4A2YLXG1J2RqniXA
335,Pragati Singh,UCOaskjWCNWQprLUio_A6WZA
337,Coolangel214,UC9rgHkohReNfKFuh1JIyzxA
338,Andreal Cen Enrico,UCjBAXmke-pRtHg792N0Fj3w
340,Dewa Putu Adikarma Mandala,UC99lwYnPf7zqDxvOFLHeI4w
341,Yoshops Your Online Shop,UCtbvbSjLXH0qkzYwZkHajiQ
342,Soumya Prusty,UCJySWW19H8I5X9hS8es5jPQ
343,Learn Data Science,UCyV_sDyCIsoHm-8iow5kkYQ
344,JK Jk,UC9dXZ-04QLMByUQJS-zgEJg
345,Venkata Gunji,UCL01KHdjvReA3mAgiN0OKVA
346,Keya Sengupta,UCef7tjFadXd25oosA0ItDfw
347,Data Analyst,UC2wo1S0CQ3iynnGNDcXaKWw
348,David Dalience AKUE,UCi5TDXc4qXi_pi6ww0-iObg
349,AfterWork,UCGphY2qZUkGapzNa9UkLZNg
358,JC Presley,UCV-QT2pGL0RCsY9548M_tVA
359,swapnil kothari,UC97rDWUnbVKjpx5jf96YXSQ
361,Naved Khan,UCkRr-huYyRbtMcY4UxL-pUw
362,Data Analyst Course,UCCsoHRHJuyjlBte_M8vP6Ow
363,Smriti Srivastava,UChwb7QSpqq7OZyFMfLacXBw
364,priyanka k,UCsGiFVKi1V_Sd3rZH7qRoHw
365,Kaiying Wang,UCAjN5MTlMAlHP1x4b2i1kDQ
366,Leela sathish,UCj5_CSYf7op8_d9iPv_GzkQ
367,Safeena Sadath,UCO1lDDJFgMaMq6DFoXzh79Q
368,JF M,UC0ogSpMr6ORdcZGstjVU0OQ
370,Data Analyst,UCvWOJZj0O9KenBbNF_RADNQ
371,Herv√© Greg Kabonte,UCi5PGpf0gnCE0-ijCkIVVdg
372,Aniket Kardile,UC5HaXrdk-1riRKGlT4KoBbQ
373,J G,UCWJH3m7wq1MMxcx7klv0n5A
374,Mohamed Kourouma,UCqB-u4LAtdoCzMNvZJFpyOg
375,James Gan,UCgQlwE9FR9QKXJJlxP1v1ww
376,Data Analyst,UChIVKSEWCp_57XK4jKGhJiQ
377,Yeluri Rajganesh,UCy6m1n-M2uKuabGOA1C5NzQ
378,Rakesh C,UCoOX13zns-nAY4fWEEeOvYw
379,Chirag Sharma,UCVWxy109XhZb7UTP_YqJcBg
380,Divya Choudhary,UCVBU0qAwaGj4oD0x-AkHmDA
381,Juan Fernandez,UCn_PRdF3euByDKAhIs7XVbQ
382,TOP DATA ANALYST,UC78b_dZqrFTWMO0Y5EOAUhg
384,Aniket Rajput,UC9Ej3dbN7Xny6tWiX335Qkg
385,Rich17Something,UCBojybZPImJrB5WI0XsYdzg
386,Data Analyst,UCJqK3bPFJr5WVPKvtuZjSdA
387,The Data Analyst,UCYpJU_mIobJpB8FJ-3_WOMg
388,Sr. Data Analyst - BI Systems Analyst,UCXrsAwodUvMtRAOuJcjJl2g
389,Yoselyn Rea,UCdSzHk0HQyU2u1CMkmKMSNA
390,Kenneth Gijsbertha,UCLh6mTwOzLcwdHyzqQWBixw
391,Nitin Mukesh,UCaIjAGqLSPu2T-aYXdLhJEA
392,KadamAcademy,UCiNh8sppdGSdHYun1QonPzA
394,Prabhakar Jha,UCmnORuCd69pD1mj4Z9mPwnA
395,freeCodeCamp Hindi,UClHVZQqHLfbcbwFDwPfdB-A
397,Ken Sumanadasa,UCxYJ-ics3llIUgKhSKse2SQ
399,Pratty2311,UC---OYF9A7hiVWixoEirFdg
400,MD,UC5Ad1V6EzZNDBRX_zU7ySHw
401,Casual Data Science,UCTZOs7vn9zSN-mR46Uqb_Jw
402,Blue Ghost,UCJse0oWDsFnoKWGLuM4SKAw
403,D-analyst Data Hub,UChrpSC4y0m_YtCJzD7pobYA
404,Chinedu Amajoyi,UCMo9KfF47lCz7dk8s5bFwiQ
405,Indian Paradise = Trainer,UCPKBZfvjCfdDpvSM68rUDFQ
406,Gaurav Patil,UCGVXlU4-ujrqpsIKwULykQw
407,Ehab Tech Academy,UClw9Ohn4QTcN86VrjEtZYpQ
408,Travel Lovers,UCP51ETAw4eRDGE_he-tuD1g
409,Harshit Singh,UCnIXZLkI7eOq0W6rdEPhjyA
410,Sameh El-Sawy,UCXgJmAkT9Ob6rZqTxazbfSA
411,sree boobalan,UCj_PgVYuYy-2mmz8W2RNNaQ
412,Saptarshi Sarkar,UC8Xe6-RrjdYIMSg7uRyKlbA
413,Saima Academy,UCi_HnYpC2_wLzPvdR5SwYKQ
414,sudhanshu gupta,UCiOlu0wXT_19kz76382YcmQ
415,Vishwa ( Data analyst ),UCBsk3TfuF-X1WN8DOtGYY2w
416,Colyns,UCucz0gQ2I_1KraWB9ED3AIw
417,PEDSnet,UCsYY3YzpOn6bfffbML5mk1A
418,Rafa Gonzalez Gouveia,UCQvDQMRwjUJauII1qe_XphA
419,Renuka Saravanan,UCHlDXZd3pd3_DWmh_RUVIhQ
420,S K,UCaMhXU9r2YrWk55RefsVOhQ
421,Digital Content Binus,UCZDXNn-IInmlmZ00wyy4__Q
422,Go Serverless,UCZxWxBWFB8y8W8FbNLqgOyg
423,Antoreep Jana,UCbosg6XDWCi7MV5GGBWcp0w
424,Excel Data Lover,UCt257uUHmGr55AP2qcptLOA
426,The Indian VanLife,UCENOTo2miECOcNRkdbBP5DA
427,Researcher & Data Analyst,UCde1hte43kJc2E2OaLCYv-w
428,SahulNotSoOp,UCMX0abw0WcXhkZVJHAtCuXA
429,Hellen Data Analyst,UCiRfX5Fxc8N-McVjQeW1Hew
430,Girl Loves Data Science,UCBtWYqy0V0eHUKFVUGjb-5Q
431,Ratna kumar,UC_8qhOq8v1ctuW2pufsrQLg
432,Leslie Kathryn,UCJxAGQmCRUBlkZp9atRGByA
433,Project SPARTA PH,UCjN5hE5CtDoqVNgB8qCDoZw
434,Your Health Data Analyst,UCcdzqzT0wdiXj-V9jVxD0bA
435,Data Science for Marketing and Customer Analytics,UCeXcAfNdxzMQxiZVicrjA3w
437,Data Analyst - Starter. ,UC7eqraxcoheYdhEsEXZ9fDw
438,Godwin Osuji - Data Analyst?,UC4q9k-Xm2nnKAegGKVI9nBA
439,luying_lou-chinagoods-data analyst,UCJoU99WTZ0a6BbMI-rGGqew
440,Football Data Analyst,UCUzhi-R8GkNkBGSepm4lsBw
441,Data Analyst in Digital,UCJX9i-kP8nbr8fvt37pdqAg
442,Martin Wambui Data Analyst,UCE58mOTx4VEDd_ESGgH2BgQ
443,DATA ANALYST,UC4_gXlh61lVHsS0_rW2C11w
445,Data analyst,UCz4fnmjhrdyvVb_mwOpoUOw
447,The Data Analyst,UCPCHLfIwLTrb9S36Zw6DtYQ
448,Learn-with-Singam,UC9Wq1_eFlTE9XBdvxb3lVFg
449,Reserve Data Analyst,UCRlxQdqgzsoLlcIvWMUJpWw
453,Data Science Topics,UChLwV2IeZYWEIqCEz1ogrXg
454,Data Analyst Channel TV,UCrRpRbCjiNFmVWLorv5w74w
456,Data Analyst - Tiago Martins,UCEYTYtYm3M0EB60flBSwUqw
457,Data Analyst,UCSwTlL3FHopn77IwFSEyGzA
458,Lan Lap Lanh,UCF_4QXdW7vs7xkjmrKf555g
459,Titouane-Data Analyst,UC_F2tqBSv2B27a-APgV-SBw
460,Data Analyst,UCjumkEO3LS8qlRZ331DR5HQ
461,Craig Brown,UCJQk6qylIDaTAeOiQRupUDw
462,Barry Huang-Data Analyst,UCekVaQY_-YWmtP3NVo0V9cQ
463,RevoU,UCJOIqOSZ7_2C_vgBBQiB6Uw
464,Your Data Analyst,UCQP2OqBfE0Y4VJ4BYVPjaeg
465,Gamer Data Analyst,UCkEqZ1klP0n0WzYoVNaXMgw
466,Data Analyst,UCmgMd8uJJF7yW28U1OEzTmg
468,AI Pin,UCSDkYs85XFShKMAkMLkmZOA
469,IndoBangla with Sagar,UCeU_r4tAQobNKUOT1luIZ6w
472,The Analyst,UC-H-Ct5v4vVOPXOUa2ljIcQ
473,Ahmad Faiz,UCOCwL98FSNqFWKY3HorW1AA
474,Bijay Chodhoury,UCpwkHfhyIIJdeM_d4aCVo_A
476,mmp‡∏°‡∏≤‡∏£‡πå‡∏Ñ,UCagarwPfCdtmgw1zU5l1nsA
477,EntryLevel,UCjMp4qS0E1J3xnZ2YYwMbsw
479,Zebra Learn,UCrn0j5PbAEhYN96wFDHncoQ
480,asif attar,UClx89VfyUyCKXAGrFH648SQ
481,Khalil H,UChbbftdc-mKAKljGrTk0z-g
482,"Mackenzie Thompson (Founder, Grad Jobs)",UCS9slgi4VwX5fKycmssxxyA
483,10000 codeurs,UCvhNHEgygARjQXcHdyyVN7g
484,SkillAcademy,UCCl17FjS9WpYabdpzYEFg1w
485,Jobs & Career,UCI9X_VQc7M7oHSiwQvUXqvw
486,Miria Reu,UCzam2Gphq2OBRjncmlLd8mA
487,Kamal's gaming room,UC3Rs-z4R9F2hyKOI6U4MCeg
488,Daniel Duedu,UCmTmIVpto_7wwToLL8q_LYA
489,Corporate Beast,UC7wVvaIiJNIFPoLzVIn2bTg
490,Impossible Nothingness,UCzKgqZ4Z8k_EvwqOPdoCdkA
491,Arylle Young,UCfBWYc1RVEdLZWx13E2szZg
492,Puneeth Rajashekar,UCjGcgU0gN6jiBgDqa_4uCrA
493,ÎØ∏Íµ≠Ï£ºÏãùÏùò Î™®Îì†Í≤É - ÎØ∏Ï£ºÎ™®,UCr5oaHbo3FhagiG9lrDD5uw
494,Dziyana Zavadskaya,UCZTTlMmRF-W5vjmZSyNGX2A
495,Java Analyst,UCUVjFqARNoi1i_jKfLCLtrA
496,Microsoft Power BI UK,UCtQLSh4rpuT4fOaXKL4HvtQ
497,vijay jeeragi,UCjjPnUVHL1DzPrVekTnMhcg
498,Universidad Cenfotec,UCPaaSowtD5VA1ZVpu09p94A
499,JapaneseÂ∞èÊ±†,UCkUPiYxhHMu5xUh0tTxRtxA
500,Emmanuel Yumbu,UCyC-xLKa4ES_PDKpajPADvw
501,AnkerElite,UCnEzITlIJi65BND76Pp6jFg
503,Ashutosh,UCqYSXCAMmiAU6RptfGTuI-Q
504,Rahul Pasi,UCLQYqe2s2YEO7L1UVfZwb7A
505,CHARTSSPEAK,UCaNFvziodzyZBz73gnpowng
506,Alex,UCAlhKFp_bgRyzyHrvjH_Y4Q
507,Gizmo-GX,UC8QNxb8rm8Y4bn3E0YMTbEg
508,GradAustralia,UCnyZMHhsJaPeYzdzSifYmkg
509,Amit Kukreja,UCjZnbgPb08NFg7MHyPQRZ3Q
510,C0TT0NC4NDYTA,UChULbX89jjbCEDhGn56_yuw
511,Yahoo Finance,UCEAZeUIeJs0IjQiqTCdVSIg
512,Piktochart üëâ All-in-one visual communication tool,UC0miFingOVhM_gPGPb-rEkA
513,Mateiu Catalin,UC-9-YlOo8aB_M5oITpYFrhQ
515,Jatin Wadhwani,UC0GwHtQPA3QBxVeL9j8VO0Q
516,Austin Ibeh,UCIkbMwEAF-c0qr4WvN3Ir4w
517,Minty Analyst (with Dobri),UCrdjXR70BwWIX--ZtQB42XQ
518,Mr Seeker,UCBYk3m9aKRKZokaJBzFM9YA
519,priya kannabiran,UC62wwwGN1cyJYJSpGuQxErA
520,BusinessLIVE,UCrS1z1uOvw0pXlFvTyU2kwA
521,Dale Jeffrey,UCLYFbbqHS4twLsp4mGZbglA
522,Sarama Mondol,UC7hCAh2j7NrP_dmWQKqoKfQ
523,DoIT&C Government of Rajasthan,UCh2yHdFTh28RHGzB3zCbsFQ
524,Naman Vij,UCKBGP5OQgWFZkIHjdRwNuGg
525,Digital House,UCKkPOtW8gQPgIUaxF4Og7PA
526,Nifty Technicals by AK,UCnciD_63Lr2T8iSvFyodsvQ
527,Who-Bangin Sports Talk,UC2SWXevu6oGS-188Fv-CWiA
528,Moor Insights & Strategy,UC8fY_kIR5AqTmafpAzOjQ2g
529,JOB UPDATES TODAY,UCEBBM4Oq5T8yS5bu9LbgjQA
530,Sanjay Sutaria,UCbdeNaFj66nObXjHKlM32dw
531,wondersoulz,UCB7J34HuIaHlmA92NKb7dzQ
532,Subuhi Mirza,UCMzL7FbBOAhkr49eqNtP9Ng
533,DogerThat,UCMLo01f7xpDOtKN1CbGnrHw
534,Drew Dunlevy,UCU2jeQvNnSCu4ZQMOaF0o3A
535,VirgoDragon05,UC5bU5C1ojROYE_AUA4h7xfg
536,ramanna anajipuram,UC4iFyUvBfMOgrE9WBwDjBtg
537,Options Grow,UCL4VBBlixJIQ4OQ9nC9qJpg
538,Laurence Berry,UCrcgjF0LQYGV2fP-Sary4bg
539,OUTKREATE,UCFdRhvCO4mli_2_5ty4m5wQ
540,giomonserate,UCv2zTPbUcVgtG2WHybjxAdQ
541,Gene G Jr,UCCrb21pV4FMOeXA0TsNDVRA
542,James Campbell,UCg-Iu0xYJElKMs4Y6t2JKuw
543,Madhurika Chauhan,UCLUx9kVK0zgfiOYNYrOAbGw
544,Jackson Cusick,UCIJvnSAdnSwVj4P99v2Gycg
545,Saadman Sakib,UCY1xvtyEoCOVWX8cpo9ZyXA
546,Shrikant Kale,UCz08kD4O5mOn2rz8BsNYutA
547,Kiron,UC0RoZeB8zehcdTcf_tyJUUw
548,Tony Games,UC9SDde41KHNC-VGw0qJ57mQ
549,Sheldon,UCtE0e8G-9zjwrQrug3Mra_A
550,D…æJ√ò“Ω‡ºíP…®œÖ÷Ü‡ºíM·ó©…≥·ó©∆ô…® Ö,UCsPQUCWRjWWGFvdyhjNLJ2A
551,Joshua Pavelko,UCEcc1trh3yFCcXHA1YQOezw
552,Getloose360,UCRT5dsm8Sbzlmd4S8ueyZqg
